-- phpMyAdmin SQL Dump
-- version 5.2.1
-- https://www.phpmyadmin.net/
--
-- Host: localhost:3306
-- Generation Time: Dec 31, 2024 at 07:33 PM
-- Server version: 10.3.39-MariaDB
-- PHP Version: 8.3.14

SET SQL_MODE = "NO_AUTO_VALUE_ON_ZERO";
START TRANSACTION;
SET time_zone = "+00:00";


/*!40101 SET @OLD_CHARACTER_SET_CLIENT=@@CHARACTER_SET_CLIENT */;
/*!40101 SET @OLD_CHARACTER_SET_RESULTS=@@CHARACTER_SET_RESULTS */;
/*!40101 SET @OLD_COLLATION_CONNECTION=@@COLLATION_CONNECTION */;
/*!40101 SET NAMES utf8mb4 */;

--
-- Database: `arifhossen_cpds_dk_bs`
--

-- --------------------------------------------------------

--
-- Table structure for table `failed_jobs`
--

CREATE TABLE `failed_jobs` (
  `id` bigint(20) UNSIGNED NOT NULL,
  `uuid` varchar(255) NOT NULL,
  `connection` text NOT NULL,
  `queue` text NOT NULL,
  `payload` longtext NOT NULL,
  `exception` longtext NOT NULL,
  `failed_at` timestamp NOT NULL DEFAULT current_timestamp()
) ENGINE=InnoDB DEFAULT CHARSET=utf8mb4 COLLATE=utf8mb4_unicode_ci;

-- --------------------------------------------------------

--
-- Table structure for table `fund_collections`
--

CREATE TABLE `fund_collections` (
  `id` bigint(20) UNSIGNED NOT NULL,
  `date` date NOT NULL,
  `program_name` varchar(255) NOT NULL,
  `other_program_name` varchar(255) DEFAULT NULL,
  `khedmot_amount` decimal(10,2) NOT NULL DEFAULT 0.00,
  `manat_amount` decimal(10,2) NOT NULL DEFAULT 0.00,
  `kollan_amount` decimal(10,2) NOT NULL DEFAULT 0.00,
  `rent_amount` decimal(10,2) NOT NULL DEFAULT 0.00,
  `total_amount` decimal(10,2) NOT NULL DEFAULT 0.00,
  `status` enum('pending','collected','canceled') NOT NULL DEFAULT 'pending',
  `comment` varchar(255) DEFAULT NULL,
  `submitted_by` bigint(20) UNSIGNED DEFAULT NULL,
  `collected_by` bigint(20) UNSIGNED DEFAULT NULL,
  `canceled_by` bigint(20) UNSIGNED DEFAULT NULL,
  `collected_at` timestamp NULL DEFAULT NULL,
  `canceled_at` timestamp NULL DEFAULT NULL,
  `submitted_at` timestamp NULL DEFAULT NULL,
  `members` varchar(255) DEFAULT NULL,
  `created_at` timestamp NULL DEFAULT NULL,
  `updated_at` timestamp NULL DEFAULT NULL
) ENGINE=InnoDB DEFAULT CHARSET=utf8mb4 COLLATE=utf8mb4_unicode_ci;

-- --------------------------------------------------------

--
-- Table structure for table `khedmots`
--

CREATE TABLE `khedmots` (
  `id` bigint(20) UNSIGNED NOT NULL,
  `date` date NOT NULL,
  `slug` varchar(255) NOT NULL,
  `member_id` bigint(20) UNSIGNED NOT NULL,
  `program_name` varchar(255) NOT NULL,
  `other_program_name` varchar(255) DEFAULT NULL,
  `khedmot_amount` decimal(10,2) DEFAULT NULL,
  `manat_amount` decimal(10,2) DEFAULT NULL,
  `kalyan_amount` decimal(10,2) DEFAULT 0.00,
  `rent_amount` decimal(10,2) DEFAULT 0.00,
  `comment` text DEFAULT NULL,
  `user_id` bigint(20) UNSIGNED NOT NULL,
  `status` tinyint(1) NOT NULL DEFAULT 1,
  `is_collected` tinyint(1) DEFAULT 0,
  `created_at` timestamp NULL DEFAULT NULL,
  `updated_at` timestamp NULL DEFAULT NULL
) ENGINE=InnoDB DEFAULT CHARSET=utf8mb4 COLLATE=utf8mb4_unicode_ci;

--
-- Dumping data for table `khedmots`
--

INSERT INTO `khedmots` (`id`, `date`, `slug`, `member_id`, `program_name`, `other_program_name`, `khedmot_amount`, `manat_amount`, `kalyan_amount`, `rent_amount`, `comment`, `user_id`, `status`, `is_collected`, `created_at`, `updated_at`) VALUES
(11, '2024-12-06', '', 258, '1', NULL, 5000.00, 0.00, 0.00, 0.00, NULL, 7, 1, 0, '2024-12-11 14:04:10', '2024-12-20 10:08:23'),
(12, '2024-12-06', '', 171, '1', NULL, 2000.00, 0.00, 0.00, 0.00, NULL, 7, 1, 0, '2024-12-11 14:04:37', '2024-12-20 10:08:23'),
(13, '2024-12-11', '', 205, '1', NULL, 6000.00, 500.00, 0.00, 0.00, NULL, 7, 1, 0, '2024-12-11 14:06:28', '2024-12-20 10:08:23'),
(14, '2024-12-11', '', 158, '1', NULL, 3000.00, 0.00, 0.00, 0.00, NULL, 7, 1, 0, '2024-12-11 14:38:16', '2024-12-20 10:09:05'),
(20, '2024-12-13', '', 241, '1', NULL, 1000.00, 0.00, 0.00, 0.00, NULL, 9, 1, 0, '2024-12-13 13:52:03', '2024-12-20 10:09:05'),
(21, '2024-12-13', '', 57, '1', NULL, 15000.00, 0.00, 0.00, 0.00, 'প্রবাসী', 5, 1, 0, '2024-12-13 13:53:18', '2024-12-20 10:09:05'),
(22, '2024-12-13', '', 88, '1', NULL, 5500.00, 0.00, 0.00, 0.00, NULL, 8, 1, 0, '2024-12-13 13:53:52', '2024-12-19 17:23:28'),
(23, '2024-12-13', '', 154, '1', NULL, 2000.00, 0.00, 0.00, 0.00, NULL, 9, 1, 0, '2024-12-13 13:53:53', '2024-12-13 13:53:53'),
(24, '2024-12-13', '', 222, '1', NULL, 5000.00, 0.00, 0.00, 0.00, NULL, 8, 1, 0, '2024-12-13 13:54:20', '2024-12-19 17:23:28'),
(25, '2024-12-13', '', 71, '1', NULL, 500.00, 0.00, 0.00, 0.00, NULL, 8, 1, 0, '2024-12-13 13:54:58', '2024-12-13 13:54:58'),
(26, '2024-12-13', '', 97, '1', NULL, 2500.00, 0.00, 0.00, 0.00, NULL, 9, 1, 0, '2024-12-13 13:55:29', '2024-12-13 13:55:29'),
(27, '2024-12-13', '', 132, '1', NULL, 1000.00, 0.00, 0.00, 0.00, 'পিকআপ', 5, 1, 0, '2024-12-13 13:56:10', '2024-12-13 13:56:10'),
(28, '2024-12-13', '', 115, '1', NULL, 1000.00, 0.00, 0.00, 0.00, NULL, 5, 1, 0, '2024-12-13 13:58:04', '2024-12-29 06:33:27'),
(29, '2024-12-13', '', 90, '1', NULL, 1000.00, 0.00, 0.00, 0.00, NULL, 5, 1, 0, '2024-12-13 13:58:55', '2024-12-21 19:29:40'),
(30, '2024-12-15', '', 250, '1', NULL, 3000.00, 0.00, 0.00, 0.00, NULL, 8, 1, 0, '2024-12-15 13:09:47', '2024-12-19 17:23:28'),
(31, '2024-12-15', '', 44, '1', NULL, 1000.00, 0.00, 0.00, 0.00, 'Vlo', 10, 1, 0, '2024-12-15 17:47:17', '2024-12-15 17:47:17'),
(32, '2024-12-17', '', 114, '1', NULL, 1500.00, 0.00, 0.00, 0.00, NULL, 8, 1, 0, '2024-12-17 05:41:37', '2024-12-19 17:23:28'),
(33, '2024-12-17', '', 51, '1', NULL, 5000.00, 0.00, 0.00, 0.00, 'আগে ১০,০০০/- দিসে', 11, 1, 0, '2024-12-17 16:32:56', '2024-12-17 16:32:56'),
(34, '2024-12-18', '', 164, '1', NULL, 3000.00, 0.00, 0.00, 0.00, NULL, 11, 1, 0, '2024-12-18 08:37:54', '2024-12-18 08:37:54'),
(37, '2024-12-20', '', 173, '1', NULL, 10000.00, 2000.00, NULL, NULL, NULL, 9, 1, 0, '2024-12-20 14:28:04', '2024-12-20 14:28:04'),
(38, '2024-12-20', '', 65, '1', NULL, 500.00, 0.00, NULL, NULL, NULL, 11, 1, 0, '2024-12-20 14:36:47', '2024-12-20 14:36:47'),
(39, '2024-12-20', '', 129, '1', NULL, 2000.00, 0.00, NULL, NULL, 'রং মিস্ত্রি', 5, 1, 0, '2024-12-20 15:28:55', '2024-12-20 15:28:55'),
(40, '2024-12-20', '', 55, '1', NULL, 1000.00, 0.00, NULL, NULL, NULL, 11, 1, 0, '2024-12-20 15:32:30', '2024-12-20 15:32:30'),
(41, '2024-12-20', '', 119, '1', NULL, 5000.00, 0.00, NULL, NULL, NULL, 7, 1, 0, '2024-12-20 16:06:24', '2024-12-31 23:17:55'),
(42, '2024-12-20', '', 197, '1', NULL, 1000.00, 0.00, NULL, NULL, NULL, 11, 1, 0, '2024-12-20 16:07:55', '2024-12-20 16:07:55'),
(43, '2024-12-20', '', 69, '1', NULL, 500.00, 0.00, NULL, NULL, 'মাহাবুব মুরব্বী', 5, 1, 0, '2024-12-20 17:17:55', '2024-12-20 17:17:55'),
(44, '2024-12-20', '', 48, '1', NULL, 3150.00, NULL, NULL, NULL, 'vlo', 10, 1, 0, '2024-12-21 00:19:05', '2024-12-21 22:33:24'),
(45, '2024-12-20', '', 215, '1', NULL, 500.00, 0.00, NULL, NULL, 'Vlo', 10, 1, 0, '2024-12-21 00:20:29', '2024-12-21 21:56:58'),
(46, '2024-12-21', '', 152, '1', NULL, 2000.00, 0.00, NULL, NULL, NULL, 5, 1, 0, '2024-12-21 18:39:59', '2024-12-21 18:39:59'),
(47, '2024-12-21', '', 67, '1', NULL, 400.00, NULL, NULL, NULL, 'শাহ আলম ভাই পুত্র', 5, 1, 0, '2024-12-21 18:40:52', '2024-12-21 22:32:00'),
(48, '2024-12-21', '', 259, '1', NULL, 1400.00, 0.00, 0.00, 0.00, 'Vlo', 10, 1, 0, '2024-12-21 21:32:29', '2024-12-30 20:25:09'),
(49, '2024-12-22', '', 198, '1', NULL, 5000.00, 0.00, NULL, NULL, NULL, 8, 1, 0, '2024-12-22 19:14:43', '2024-12-22 19:14:43'),
(50, '2024-12-22', '', 196, '1', NULL, 1000.00, 0.00, NULL, NULL, NULL, 8, 1, 0, '2024-12-22 19:15:32', '2024-12-22 19:15:32'),
(51, '2024-12-22', '', 204, '1', NULL, 2000.00, 0.00, NULL, NULL, 'Vlo', 10, 1, 0, '2024-12-22 22:00:43', '2024-12-22 22:00:43'),
(52, '2024-12-23', '', 128, '1', NULL, 2000.00, NULL, NULL, NULL, NULL, 6, 1, 0, '2024-12-23 21:33:58', '2024-12-23 22:26:23'),
(53, '2024-12-23', '', 157, '1', NULL, 4000.00, 0.00, NULL, NULL, NULL, 6, 1, 0, '2024-12-23 23:00:06', '2024-12-23 23:00:06'),
(55, '2024-12-24', '', 82, '1', NULL, 500.00, 0.00, NULL, NULL, 'Vlo', 10, 1, 0, '2024-12-24 23:48:18', '2024-12-24 23:48:18'),
(56, '2024-12-27', '', 256, '1', NULL, 6000.00, NULL, NULL, NULL, 'প্রবাসী', 11, 1, 0, '2024-12-27 16:16:02', '2024-12-27 16:16:02'),
(57, '2024-12-27', '', 216, '1', NULL, 1500.00, NULL, NULL, NULL, NULL, 11, 1, 0, '2024-12-27 16:17:49', '2024-12-27 16:17:49'),
(58, '2024-12-27', '', 156, '1', NULL, 2000.00, 0.00, NULL, NULL, NULL, 8, 1, 0, '2024-12-27 16:21:48', '2024-12-27 16:21:48'),
(59, '2024-12-27', '', 190, '1', NULL, 200.00, 0.00, NULL, NULL, NULL, 5, 1, 0, '2024-12-27 18:57:28', '2024-12-27 18:57:28'),
(60, '2024-12-27', '', 77, '1', NULL, 6000.00, 0.00, NULL, NULL, NULL, 6, 1, 0, '2024-12-27 19:04:40', '2024-12-27 19:04:40'),
(61, '2024-12-27', '', 47, '1', NULL, 1000.00, 0.00, NULL, NULL, NULL, 6, 1, 0, '2024-12-27 19:06:19', '2024-12-27 19:06:19'),
(62, '2024-12-27', '', 141, '1', NULL, 3500.00, 0.00, NULL, NULL, NULL, 6, 1, 0, '2024-12-27 19:09:36', '2024-12-27 19:09:36'),
(63, '2024-12-27', '', 183, '1', NULL, 3500.00, 0.00, NULL, NULL, NULL, 6, 1, 0, '2024-12-27 19:19:20', '2024-12-27 19:19:20'),
(64, '2024-12-27', '', 139, '1', NULL, 1620.00, 0.00, NULL, NULL, NULL, 8, 1, 0, '2024-12-27 19:29:39', '2024-12-27 19:29:39'),
(65, '2024-12-27', '', 186, '1', NULL, 5500.00, 0.00, NULL, NULL, NULL, 6, 1, 0, '2024-12-27 22:32:20', '2024-12-28 17:23:30'),
(66, '2024-12-28', '', 83, '1', NULL, 0.00, 8000.00, NULL, NULL, 'খেদমত বাকি', 5, 1, 0, '2024-12-28 17:23:31', '2024-12-28 17:23:31'),
(67, '2024-12-30', '', 81, '1', NULL, 500.00, 0.00, NULL, NULL, NULL, 8, 1, 0, '2024-12-30 09:11:11', '2024-12-30 09:11:11'),
(68, '2024-12-30', '', 74, '1', NULL, 500.00, 0.00, NULL, NULL, NULL, 8, 1, 0, '2024-12-30 09:11:40', '2024-12-30 09:11:40'),
(69, '2024-12-30', '', 112, '1', NULL, 500.00, 0.00, NULL, NULL, NULL, 7, 1, 0, '2024-12-30 22:54:26', '2024-12-30 22:54:26'),
(70, '2024-12-31', '', 37, '1', NULL, 1500.00, 0.00, NULL, NULL, NULL, 6, 1, 0, '2024-12-31 13:17:08', '2024-12-31 13:17:08'),
(71, '2024-12-31', '', 188, '1', NULL, 2000.00, 0.00, NULL, NULL, NULL, 8, 1, 0, '2024-12-31 17:12:42', '2024-12-31 17:12:42'),
(72, '2024-12-31', '', 209, '1', NULL, 2000.00, 0.00, NULL, NULL, NULL, 9, 1, 0, '2024-12-31 19:41:53', '2024-12-31 19:41:53'),
(73, '2024-12-31', '', 36, '1', NULL, 500.00, 0.00, NULL, NULL, NULL, 9, 1, 0, '2024-12-31 19:43:21', '2024-12-31 19:43:21');

-- --------------------------------------------------------

--
-- Table structure for table `lbs_log`
--

CREATE TABLE `lbs_log` (
  `id` int(10) UNSIGNED NOT NULL,
  `provider` text NOT NULL,
  `request_json` text NOT NULL,
  `response_json` text NOT NULL,
  `created_at` timestamp NULL DEFAULT NULL,
  `updated_at` timestamp NULL DEFAULT NULL
) ENGINE=InnoDB DEFAULT CHARSET=utf8mb4 COLLATE=utf8mb4_unicode_ci;

--
-- Dumping data for table `lbs_log`
--

INSERT INTO `lbs_log` (`id`, `provider`, `request_json`, `response_json`, `created_at`, `updated_at`) VALUES
(1, 'Xenon\\LaravelBDSms\\Provider\\BDBulkSms', '{\"config\":{\"token\":\"11789214708173566002845e4949f7584eabf52c70f883ed304f8\"},\"mobile\":\"01601958560\",\"message\":\"\\u0993\\u09b0\\u09b8 \\u09aa\\u09be\\u0995\\u09c7 \\u09b6\\u09be\\u09b9 \\u099a\\u09a8\\u09cd\\u09a6\\u09cd\\u09b0\\u09aa\\u09c1\\u09b0\\u09c0 \\u09e8\\u09e6\\u09e8\\u09eb,\\n\\n\\u09ae\\u09cb\\u0983 \\u0986\\u09b0\\u09bf\\u09ab \\u09b9\\u09cb\\u09b8\\u09c7\\u09a8, ID:FD67948M, \\u0996\\u09c7\\u09a6\\u09ae\\u09a4\\u09835000.00, \\u099f\\u09be\\u0995\\u09be \\u099c\\u09ae\\u09be \\u09b8\\u09ab\\u09b2 \\u09b9\\u09df\\u09c7\\u099b\\u09c7\\u0964\"}', '\"Ok: SMS Sent Successfully To +8801601958560<\\/br>\"', '2024-12-31 17:13:47', '2024-12-31 17:13:47'),
(2, 'Xenon\\LaravelBDSms\\Provider\\BDBulkSms', '{\"config\":{\"token\":\"11789214708173566002845e4949f7584eabf52c70f883ed304f8\"},\"mobile\":\"01601958560\",\"message\":\"\\u0993\\u09b0\\u09b8 \\u09aa\\u09be\\u0995\\u09c7 \\u09b6\\u09be\\u09b9 \\u099a\\u09a8\\u09cd\\u09a6\\u09cd\\u09b0\\u09aa\\u09c1\\u09b0\\u09c0 \\u09e8\\u09e6\\u09e8\\u09eb,\\n\\u09ae\\u09cb\\u0983 \\u0986\\u09b0\\u09bf\\u09ab \\u09b9\\u09cb\\u09b8\\u09c7\\u09a8, ID:FD67948M, \\u0996\\u09c7\\u09a6\\u09ae\\u09a4\\u09835000.00, \\u099f\\u09be\\u0995\\u09be \\u099c\\u09ae\\u09be \\u09b8\\u09ab\\u09b2 \\u09b9\\u09df\\u09c7\\u099b\\u09c7\\u0964\"}', '\"Ok: SMS Sent Successfully To +8801601958560<\\/br>\"', '2024-12-31 23:17:56', '2024-12-31 23:17:56');

-- --------------------------------------------------------

--
-- Table structure for table `members`
--

CREATE TABLE `members` (
  `id` bigint(20) UNSIGNED NOT NULL,
  `name` varchar(255) NOT NULL,
  `nickName` varchar(255) DEFAULT NULL,
  `father_name` varchar(255) DEFAULT NULL,
  `spouse_name` varchar(255) DEFAULT NULL,
  `bloodType` varchar(255) DEFAULT NULL,
  `phone` varchar(255) DEFAULT NULL,
  `kollan_id` varchar(255) NOT NULL,
  `kollan_khedmot` decimal(10,2) DEFAULT 0.00,
  `image` varchar(255) DEFAULT NULL,
  `status` tinyint(1) NOT NULL DEFAULT 1,
  `updated_by` bigint(20) UNSIGNED DEFAULT NULL,
  `created_at` timestamp NULL DEFAULT NULL,
  `updated_at` timestamp NULL DEFAULT NULL
) ENGINE=InnoDB DEFAULT CHARSET=utf8mb4 COLLATE=utf8mb4_unicode_ci;

--
-- Dumping data for table `members`
--

INSERT INTO `members` (`id`, `name`, `nickName`, `father_name`, `spouse_name`, `bloodType`, `phone`, `kollan_id`, `kollan_khedmot`, `image`, `status`, `updated_by`, `created_at`, `updated_at`) VALUES
(26, 'ইমতিয়াজ আহাম্মেদ মিলন', NULL, 'মো:মোসলেম শিকদার', NULL, 'O-ve', '01861117201', 'ACFD1208M', 100.00, NULL, 1, NULL, '2024-12-07 13:25:04', '2024-12-16 11:28:30'),
(29, 'এ. আল ইমরান', NULL, 'আ: মান্নান ভূঁইয়া', 'কানিজ ফাতেমা', 'A+', '01916421999', 'ARFD43733M', 500.00, NULL, 1, NULL, '2024-12-07 13:56:22', '2024-12-20 23:49:34'),
(30, 'আ: খালেক টুকু', NULL, 'মৃত দেনোত খাঁন', NULL, 'AB+', NULL, 'ACFD84316M', 150.00, NULL, 1, NULL, '2024-12-07 14:05:44', '2024-12-07 14:05:44'),
(31, 'আ: রাজ্জাক', NULL, 'মৃত আ: কুদ্দুস', 'শামিমা বেগম', 'B+', NULL, 'ACFD5493M', 20.00, NULL, 1, NULL, '2024-12-07 14:08:25', '2024-12-10 00:31:03'),
(32, 'আব্দুল আলেক রবি', NULL, 'মৃত দৌলত খাঁন', NULL, NULL, '+8801913964939', 'FD176223M', 50.00, NULL, 1, NULL, '2024-12-07 14:13:42', '2024-12-16 12:42:40'),
(33, 'আব্দুল বারেক', NULL, 'মৃত কুতু মিয়া', 'রাশেদা বেগম', NULL, NULL, 'FD161999M', 10.00, NULL, 1, NULL, '2024-12-07 14:17:38', '2024-12-07 14:17:38'),
(34, 'আব্দুল খালেক', NULL, 'মৃত মজিদ', 'রুকজান', NULL, '01945-737339', 'FD197795M', 20.00, NULL, 1, NULL, '2024-12-07 14:19:32', '2024-12-22 22:08:43'),
(35, 'আব্দুল কুদ্দুস', NULL, 'মৃত আ: হামিদ মিয়া', 'পারুল বেগম', 'A+', '01918227864', 'ACFD1214M', 50.00, NULL, 1, NULL, '2024-12-07 14:24:33', '2024-12-16 06:06:45'),
(36, 'আব্দুল্লাহ্', '(শফি)', 'আলামিন', NULL, NULL, NULL, 'FD257528M', 10.00, NULL, 1, NULL, '2024-12-07 14:35:11', '2024-12-31 09:23:07'),
(37, 'আব্দুস সালাম হাওলাদার', NULL, 'আব্দুর রহিম', 'হাসি বেগম', NULL, '01727257933', 'FD197887M', 30.00, NULL, 1, NULL, '2024-12-07 15:06:11', '2024-12-16 06:07:39'),
(38, 'আবু বক্কর সিদ্দিক (ধোলাইপাড়)', NULL, 'ওয়াজুদ্দীন আহম্মেদ', 'তানিয়া আক্তার', 'O+', '01951810278', 'ARFPD1234M', 100.00, NULL, 1, NULL, '2024-12-07 15:08:56', '2024-12-16 12:27:05'),
(39, 'আবু বক্কর সিদ্দিক. (মাহবুব পুত্র)', NULL, 'মাহবুব হোসেন', NULL, NULL, '+880 1935-233704', 'FD230869M', 10.00, NULL, 1, NULL, '2024-12-07 15:10:29', '2024-12-16 13:33:10'),
(40, 'আবু বক্কর সিদ্দিক (বাখ্খান)', NULL, 'মৃত সলিম খাঁন', 'ডলি বেগম', NULL, NULL, 'FD233204M', 10.00, NULL, 1, NULL, '2024-12-07 15:13:07', '2024-12-10 10:51:52'),
(41, 'আবু সিদ্দিক সাগর', NULL, 'মৃত আব্দুল সামাদ', 'শারমিন আক্তার', 'B+', NULL, 'FD257511M', 20.00, NULL, 1, NULL, '2024-12-07 15:16:21', '2024-12-07 15:16:21'),
(42, 'আবুল বাশার', NULL, 'মৃত রশীদ মাতবর', 'আমিরুন্নেসা', 'B+', '01714210767', 'FD162017M', 30.00, NULL, 1, NULL, '2024-12-07 15:19:32', '2024-12-16 12:33:05'),
(43, 'আবুল কালাম', NULL, 'মৃত আনোয়ার আলী', 'জামিলা বেগম', NULL, '01950551733', 'FD176180M', 20.00, NULL, 1, NULL, '2024-12-07 15:23:03', '2024-12-16 12:37:51'),
(44, 'মোকবুল হোসেন', NULL, 'মৃত মোহাম্মদ আলী', 'সুরাইয়া খাতুন', 'B+', '01819993297', 'ARFPD7361M', 30.00, NULL, 1, NULL, '2024-12-07 16:11:23', '2024-12-20 23:50:50'),
(45, 'মুন্না মিয়া', NULL, 'মৃত ইব্রাহীম মিয়া', 'ঐশী', 'O+', NULL, 'FD237364M', 20.00, NULL, 1, NULL, '2024-12-07 16:15:11', '2024-12-07 16:15:11'),
(46, 'নাহীদুজ জামান', NULL, 'নাসির উদ্দীন', 'খাদিজা আক্তার', 'O+', '01877409050', 'ACFD64948M', 50.00, NULL, 1, NULL, '2024-12-07 16:18:40', '2024-12-20 17:20:24'),
(47, 'নাহিয়ান আবরার', NULL, 'নূর আলম ইসলাম', 'দোলন', NULL, NULL, 'FD279466M', 50.00, NULL, 1, NULL, '2024-12-07 16:22:36', '2024-12-07 16:22:36'),
(48, 'নাসিম উদ্দিন ( রনি )', NULL, 'কামাল উদ্দিন', 'সাহিরিন আক্তার', 'B+', '01989406105', 'FD109741M', 70.00, NULL, 1, NULL, '2024-12-07 16:26:12', '2024-12-20 23:51:52'),
(49, 'নাজমুল ইসলাম অভি', NULL, 'সোরহাব মিয়া', NULL, 'B+', NULL, 'ACFD257515M', 20.00, NULL, 1, NULL, '2024-12-07 16:28:17', '2024-12-13 12:49:04'),
(50, 'নজরুল', '( ভ্যান চালক )', 'আব্দুর রশিদ', 'কোহিনূর', 'O+', '+880 1705-651902', 'FD230862M', 20.00, NULL, 1, NULL, '2024-12-07 16:30:29', '2024-12-31 09:21:44'),
(51, 'নুর আলম ইসলাম ( অপূর্ব )', NULL, 'সামসু মিয়া', 'লামিয়া আক্তার দোলন', 'AB+', '+880 1639-347013', 'ARFD109371M', 100.00, NULL, 1, NULL, '2024-12-07 16:33:50', '2024-12-16 08:25:14'),
(52, 'নুর আমিন ( শামীম )', NULL, 'আব্দুর রশিদ', NULL, 'B+', '+880 1721-601196', 'ACFD57079M', 20.00, NULL, 1, NULL, '2024-12-07 16:36:01', '2024-12-16 13:50:27'),
(53, 'নুর আমিন ইসলাম পিয়াল', NULL, 'সামসু মিয়া', 'লাকি আক্তার', 'A+', NULL, 'ARFPD1185M', 100.00, NULL, 1, NULL, '2024-12-07 16:38:06', '2024-12-07 16:38:06'),
(54, 'নূর এ আলম', NULL, 'মৃত আসিফ আলী মীর', 'সানজিদা বেগম সজিদা', 'O-', '01813823288', 'ARFD84320M', 100.00, NULL, 1, NULL, '2024-12-07 16:42:05', '2024-12-16 08:42:10'),
(55, 'নুর ইসলাম', NULL, 'সুলতান আহম্মেদ', NULL, 'B+', '01744-166322', 'ACFD189160M', 100.00, NULL, 1, NULL, '2024-12-07 16:44:51', '2024-12-16 08:45:00'),
(56, 'নুরজামান সিকদার', NULL, 'নুর ইসলাম সিকদার', 'ফাতেমা আক্তার পিঙ্কি', 'O-', '+880 1402-086448', 'FD162625M', 20.00, NULL, 1, NULL, '2024-12-07 17:38:13', '2024-12-16 08:45:32'),
(57, 'নুরুল আমিন ( বাবু )', NULL, 'আলী হোসেন', 'মুনিয়া জামান', 'B+', '+880 1902-647361', 'ACFD7221M', 20.00, NULL, 1, NULL, '2024-12-07 17:42:06', '2024-12-16 13:50:56'),
(58, 'নুরুল হক হাওলাদার ( রড মিস্ত্রি )', NULL, 'আব্দুল রাজ্জাক', 'মাহমুদা বেগম', 'O+', '01941438924', 'FD189159M', 50.00, NULL, 1, NULL, '2024-12-07 17:44:34', '2024-12-16 12:39:57'),
(59, 'নুরুল ইসলাম অন্তর', NULL, 'জুয়েল সরকার', NULL, 'O+', NULL, 'FD154805M', 20.00, NULL, 1, NULL, '2024-12-07 17:53:33', '2024-12-07 17:53:33'),
(60, 'অহিদুর রহমান', NULL, 'মৃত হাজী কফিল উদ্দিন', 'সাদিয়া বেগম', 'AB+', '017-154-86785', 'FD159547M', 50.00, NULL, 1, NULL, '2024-12-07 17:56:19', '2024-12-16 08:26:09'),
(61, 'ওমর ফারুক', NULL, 'কাইয়ু মিয়া', 'লুবনা আক্তার', 'B+', '+8801670959942', 'FD257522M', 10.00, NULL, 1, NULL, '2024-12-07 17:58:57', '2024-12-16 12:41:16'),
(62, 'অন্তর মোল্লা', NULL, 'আশরাফ মোল্লা', NULL, 'A+', '01742-743148', 'FD154804M', 20.00, NULL, 1, NULL, '2024-12-07 18:00:28', '2024-12-16 08:49:44'),
(63, 'পলাশ হোসেন', NULL, 'মালেক মাঝি', NULL, 'AB+VE', '01950487767', 'ACFD84303M', 30.00, 'upload/images/ACFD84303M_1734889015.jpeg', 1, NULL, '2024-12-07 18:01:45', '2024-12-22 22:36:55'),
(64, 'পারভেজ হাসান শান্ত', NULL, 'লাল মিয়া', NULL, 'AB+', NULL, 'FD141505M', 50.00, NULL, 1, NULL, '2024-12-07 18:02:54', '2024-12-07 18:02:54'),
(65, 'পারভেজ হাওলাদার', NULL, 'বাবুল হাওলাদার', NULL, 'AB+', '01643-347563', 'ACFD189156M', 10.00, NULL, 1, NULL, '2024-12-07 18:05:05', '2024-12-16 08:45:55'),
(66, 'রাব্বি', NULL, 'নয়ন', NULL, 'O+', '01846-979138', 'ACFD240665M', 10.00, NULL, 1, NULL, '2024-12-07 18:06:47', '2024-12-16 08:46:16'),
(67, 'রাফিন হোসেন', NULL, 'শাহ আলম হোসেন', NULL, NULL, NULL, 'FD161992M', 20.00, NULL, 1, NULL, '2024-12-07 18:08:55', '2024-12-07 18:08:55'),
(68, 'রফিক ( মোকবুল )', NULL, 'মৃত রশিদ খান', 'নাজমা বেগম', 'B+', '01710253162', 'FD162023M', 10.00, NULL, 1, NULL, '2024-12-07 18:10:55', '2024-12-20 23:52:38'),
(69, 'রফিক ( মুরুব্বী )', NULL, 'মৃত আলি বেপারী', 'বেগম', NULL, '+880 1945-527652', 'F265520M', 10.00, NULL, 1, NULL, '2024-12-07 18:12:58', '2024-12-16 13:51:41'),
(70, 'রাইসুল ইসলাম ( ইমন )', NULL, 'কাহিরুল আলম সরদার', NULL, 'O+', NULL, 'ACFPD109379M', 50.00, NULL, 1, NULL, '2024-12-07 18:15:09', '2024-12-07 18:15:09'),
(71, 'রাইসুল ইসলাম(জাকির পুত্র)', NULL, 'জাকির হোসেন', NULL, 'B+', NULL, 'FD197816M', 30.00, NULL, 1, NULL, '2024-12-07 18:19:47', '2024-12-18 10:34:02'),
(72, 'রাকিবুল ইসলাম (প্রবাদ)', NULL, 'সাইফুল শেক', NULL, 'O+', NULL, 'ACFD109737M', 20.00, NULL, 1, NULL, '2024-12-07 18:21:27', '2024-12-07 18:21:27'),
(73, 'রতন বেপারী', NULL, 'লোকমান বেপারী', 'ফারজানা আক্তার', 'B+', '01930-641157', 'ARFD43745M', 30.00, NULL, 1, NULL, '2024-12-07 18:22:30', '2024-12-16 08:46:43'),
(74, 'জুনায়েদ খান শুভ', NULL, 'খোরশেদ খান', 'N/A', 'O+ve', NULL, 'ACFD109729M', 10.00, NULL, 1, NULL, '2024-12-08 00:41:39', '2024-12-08 00:41:39'),
(75, 'কাইয়ুম খান', NULL, 'মৃত আব্দুল সাত্তার', 'পারভিন বেগম', NULL, '01754541715', 'FD197815M', 10.00, NULL, 1, NULL, '2024-12-08 00:45:02', '2024-12-16 13:38:56'),
(76, 'কায়েস খান', NULL, 'মৃত গিয়াস উদ্দিন', 'রুবিনা', 'B+ve', '017-394-32867', 'F262164M', 20.00, NULL, 1, NULL, '2024-12-08 00:47:34', '2024-12-16 08:26:56'),
(77, 'খোকন হাওলাদার', NULL, 'মৃত মফিজ উদ্দিন', 'মরিয়ম বেগম', 'O+ve', NULL, 'ACFPD73444M', 40.00, NULL, 1, NULL, '2024-12-08 00:49:24', '2024-12-10 11:10:03'),
(78, 'খোকন মিয়া', NULL, 'মৃত আলিম মিয়ার', 'সোনিয়া বেগম', NULL, NULL, 'FD257512M', 20.00, NULL, 1, NULL, '2024-12-08 00:52:05', '2024-12-08 00:53:12'),
(79, 'খোরশেদ( হাডওয়ার)', NULL, 'মৃত খলিল', 'রিজিয়া বেগম', NULL, NULL, 'FD197825M', 30.00, NULL, 1, NULL, '2024-12-08 00:57:56', '2024-12-10 14:43:39'),
(80, 'খোরশেদ আলম(গ্যাস উদ্দিন)', NULL, 'গিয়াস উদ্দিন প্রধান', 'N/a', NULL, NULL, 'FD162013M', 30.00, NULL, 1, NULL, '2024-12-08 00:59:55', '2024-12-11 11:59:02'),
(81, 'খোরশেদ আলম', NULL, 'মৃত আবদুস সালাম', 'রোকসানা বেগম', NULL, '01611452028', 'FPD176219M', 10.00, NULL, 1, NULL, '2024-12-08 01:02:37', '2024-12-16 12:38:51'),
(82, 'লাহা উদ্দিন খান', NULL, 'মৃত আমির খান', 'জোমিলা খানম', 'B+ve', NULL, 'FD109431M', 10.00, NULL, 1, NULL, '2024-12-08 01:06:40', '2024-12-09 17:42:17'),
(83, 'লাল মিয়া', NULL, 'মৃত বাহাস উদ্দিন ফকির', 'পারভিন', 'A+ve', '01745-992984', 'ARFPD24347M', 50.00, NULL, 1, NULL, '2024-12-08 01:08:47', '2024-12-16 13:39:27'),
(84, 'লিটু খা', NULL, 'মৃত শাহা খা', 'তসলিমা বেগম', 'B+ve', NULL, 'FD176226M', 20.00, NULL, 1, NULL, '2024-12-08 01:12:15', '2024-12-08 01:12:15'),
(85, 'লোকমান', NULL, 'নাঈম খান', 'N/a', 'O+ve', NULL, 'FD141423M', 20.00, NULL, 1, NULL, '2024-12-08 01:16:18', '2024-12-08 01:16:18'),
(86, 'মাহবুব', NULL, 'মৃত আব্দুল আলী', 'নাজমা', NULL, '01791309678', 'FD197803M', 20.00, NULL, 1, NULL, '2024-12-08 01:17:52', '2024-12-16 13:58:35'),
(87, 'মাহফুজুর রহমান', NULL, 'আনিসুর রহমান', 'রাবেয়া বেগম', NULL, NULL, 'FD197857M', 20.00, NULL, 1, NULL, '2024-12-08 01:25:00', '2024-12-08 01:25:00'),
(88, 'জাকির হোসেন (কর্মী)', NULL, 'মৃত বিল্লাত হোসেন', 'রহিমা আক্তার', 'B+ve', '+8801586090276', 'ACFPD43741M', 100.00, 'upload/images/ACFPD43741M_1735400453.jpeg', 1, NULL, '2024-12-08 01:34:09', '2024-12-28 20:40:53'),
(89, 'জাকির হোসেন (ভ্যান চালক)', NULL, 'আতাহার গৌরা', 'কুলসুম বেগম', NULL, '+880 1936-713979', 'FD197801M', 20.00, NULL, 1, NULL, '2024-12-08 01:36:45', '2024-12-16 13:59:28'),
(90, 'জাকির হোসেন (ধোলাইপাড়)', NULL, 'মৃত আব্দুল সামাদ', 'N/a', NULL, '01910-705189', 'F262165M', 10.00, NULL, 1, NULL, '2024-12-08 01:38:10', '2024-12-16 13:40:40'),
(91, 'জলিল মিয়া', NULL, 'মৃত মজিবর রহমান', 'কানিজ ফাতেমা', NULL, '01815155571', 'FD162016M', 10.00, NULL, 1, NULL, '2024-12-08 01:40:11', '2024-12-21 00:07:22'),
(92, 'জামাল(শেখ)', NULL, 'মৃত শেখ নাজিম মিয়া', 'হাসিনা', 'O+ve', NULL, 'FD84318M', 200.00, NULL, 1, NULL, '2024-12-08 01:41:37', '2024-12-16 06:06:28'),
(93, 'জামাল হোসেন', NULL, 'মৃত সেকেন্দার', 'বিউটি বেগম', 'O+ve', '01927-124755', 'ACFPD45055M', 50.00, NULL, 1, NULL, '2024-12-08 01:43:09', '2024-12-16 13:52:37'),
(94, 'জামিল হোসেন(জামাল ভ্যানচালক)', NULL, 'জামাল হোসেন', 'N/a', NULL, NULL, 'FD247790M', 20.00, NULL, 1, NULL, '2024-12-08 01:44:50', '2024-12-11 11:55:06'),
(95, 'জুয়েল সরকার', NULL, 'মৃত জলিল', 'লাভলী আকতার', 'O+ve', NULL, 'FD161997M', 20.00, NULL, 1, NULL, '2024-12-08 01:47:20', '2024-12-08 01:47:20'),
(96, 'জিহাদ হোসেন', NULL, 'রুবেল শিকদার', 'N/a', NULL, NULL, 'FD257518M', 10.00, NULL, 1, NULL, '2024-12-08 01:49:13', '2024-12-08 01:49:13'),
(97, 'জোহির', NULL, 'মৃত দৌলত খান', 'নাসরিন', NULL, NULL, 'FD197831M', 20.00, NULL, 1, NULL, '2024-12-08 01:50:53', '2024-12-08 01:50:53'),
(98, 'জহিরুল ইসলাম (মাহবুব)', NULL, 'মৃত নুরু মিয়া', 'ফাতেমা বেগম', 'A+v', NULL, 'FD233214M', 50.00, NULL, 1, NULL, '2024-12-08 01:54:09', '2024-12-10 11:08:56'),
(99, 'জলিল', NULL, 'মৃত আব্দুল আজিজ', 'অনন্যা আক্তার', NULL, '01871046222', 'FD230864M', 30.00, NULL, 1, NULL, '2024-12-08 01:57:04', '2024-12-16 06:09:31'),
(100, 'জুম্মন', NULL, 'মৃত নুর ইসলাম', 'রুনা আক্তার', 'B+ve', '01789427600', 'ARFPD45068M', 50.00, NULL, 1, NULL, '2024-12-08 01:59:24', '2024-12-21 00:08:07'),
(101, 'জুনায়েদ(সানাউল্লাহ)', NULL, 'জসিম উদ্দিন', 'N/a', NULL, NULL, 'FD162032M', 100.00, NULL, 1, NULL, '2024-12-08 02:01:02', '2024-12-10 15:31:27'),
(102, 'জুনায়েদ আহমেদ(রতন পুত্র)', NULL, 'রতন বেপারী', 'N/a', NULL, NULL, 'F262161M', 20.00, NULL, 1, NULL, '2024-12-08 02:02:32', '2024-12-11 11:56:15'),
(103, 'আবুল কাশেম বেপারি', NULL, 'মৃত আবু কালাম বেপারি', 'শান্তি বেগম', 'O+', '01749898798', 'FD64963M', 50.00, NULL, 1, NULL, '2024-12-08 02:59:53', '2024-12-18 01:27:50'),
(104, 'আহসান হাবিব', NULL, 'মৃত আব্দুল মান্নান', 'সুফিয়া বেগম', NULL, '019-139-94332', 'FD162014M', 50.00, NULL, 1, NULL, '2024-12-08 03:25:33', '2024-12-16 08:41:15'),
(105, 'আক্তার (মিষ্টি দোকান )', NULL, 'মৃত লতিফ লস্কর', 'মানসুরা বেগম', 'A+', '01717374532', 'FD175622M', 100.00, NULL, 1, NULL, '2024-12-08 03:28:08', '2024-12-16 12:29:15'),
(106, 'আল আমিন (শামীম)', NULL, 'আ: রশীদ', 'সেলিনা', 'B+', '+880 1721-601196', 'FD57082M', 20.00, NULL, 1, NULL, '2024-12-08 03:29:57', '2024-12-16 13:52:04'),
(107, 'আল আমিন খান তপু', NULL, 'মৃত জামাল খাঁন', 'N/a', 'B+', NULL, 'ARFD49902M', 20.00, NULL, 1, NULL, '2024-12-08 03:32:16', '2024-12-08 03:32:16'),
(108, 'আল আমিন সরকার', NULL, 'মৃত জলিল সরকার', 'N/a', 'A+', NULL, 'FD176220M', 20.00, NULL, 1, NULL, '2024-12-08 03:36:55', '2024-12-08 03:36:55'),
(109, 'আলমগীর', NULL, 'মৃত আ: সাত্তার', 'শাহিন আলম', 'B+', '01712-264761', 'FD257525M', 20.00, NULL, 1, NULL, '2024-12-08 03:39:40', '2024-12-16 13:42:05'),
(110, 'আলী আশরাফ পলাশ', NULL, 'মৃত আলী আকবর মুন্সী', 'রোজিনা আক্তার রুপা', NULL, '01792058547', 'FD257529M', 10.00, NULL, 1, NULL, '2024-12-08 03:42:37', '2024-12-16 12:42:04'),
(111, 'আমির ফয়সাল', NULL, 'বাবুল মিয়া', 'N/a', 'A+', '01518744954', 'ACFD109724M', 50.00, NULL, 1, NULL, '2024-12-08 03:44:46', '2024-12-16 06:10:16'),
(112, 'আমির হোসেন', NULL, 'মৃত আসমত আলী', 'কুলসুম আক্তার', NULL, '01926551095', 'F262168M', 20.00, NULL, 1, NULL, '2024-12-08 03:55:43', '2024-12-16 08:37:42'),
(113, 'আনোয়ার হোসেন(নিশাত)', NULL, 'আনিস', 'জেসমিন আক্তার', 'B+', '01716642350', 'FD162002M', 10.00, NULL, 1, NULL, '2024-12-08 03:56:59', '2024-12-16 06:11:15'),
(114, 'আনোয়ার হোসেন(তারা মিয়া)', NULL, 'তাঁরা মিয়া', 'নাসিমা আক্তার', NULL, NULL, 'FD162022M', 30.00, NULL, 1, NULL, '2024-12-08 03:58:47', '2024-12-17 05:42:24'),
(115, 'আনোয়ার হোসেন(ভুট্টু)', NULL, 'মৃত শেখ জালাল', 'হোসনেয়ারা', NULL, '01918-523312', 'F262163M', 10.00, NULL, 1, NULL, '2024-12-08 04:01:24', '2024-12-16 13:43:34'),
(116, 'আরাফ খান', NULL, 'টুটুল খাঁন', 'N/a', NULL, NULL, 'F262162M', 10.00, NULL, 1, NULL, '2024-12-08 04:04:52', '2024-12-08 04:04:52'),
(117, 'আরাফ শিকদার আলিফ', NULL, 'দবির শিকদার', 'N/a', NULL, NULL, 'F272091M', 30.00, NULL, 1, NULL, '2024-12-08 04:07:07', '2024-12-08 04:07:07'),
(118, 'আরাফাত হাসান রোহান', NULL, 'জাহাঙ্গীর আলম', 'N/a', 'O+', NULL, 'FD176225M', 50.00, NULL, 1, NULL, '2024-12-08 04:11:07', '2024-12-08 04:11:07'),
(119, 'মোঃ আরিফ হোসেন', NULL, 'আবুল কাশেম বেপারি', 'N/a', 'O+', '01601958560', 'FD67948M', 20.00, NULL, 1, NULL, '2024-12-08 04:13:32', '2024-12-20 21:57:35'),
(120, 'আরশাদ আলী', NULL, 'মৃত জমসের আলী', 'N/a', NULL, NULL, 'FD197844M', 50.00, NULL, 1, NULL, '2024-12-08 04:18:31', '2024-12-08 04:18:31'),
(121, 'আশরাফ মোল্লা', NULL, 'মৃত আ: গনি মোল্লা', 'জামেনা খাতুন', 'AB+', '01920168520', 'ACFD7241M', 10.00, NULL, 1, NULL, '2024-12-08 04:21:34', '2024-12-16 12:31:17'),
(122, 'আসলাম শেখ', NULL, 'মৃত মোঃ শেখ', 'সুমা বেগম', 'B-', '018-749-87096', 'ACFPD84195M', 20.00, NULL, 1, NULL, '2024-12-08 04:25:43', '2024-12-16 08:28:01'),
(123, 'আসাদুর রহমান আদর', NULL, 'ওহিদুর রহমান', 'N/a', 'A+', '+8801787970236', 'FD159536M', 20.00, NULL, 1, NULL, '2024-12-08 04:27:55', '2024-12-16 06:55:12'),
(124, 'আয়মান হোসেন', NULL, 'ইয়াসিন আলী', 'N/a', NULL, NULL, 'FD176227M', 10.00, NULL, 1, NULL, '2024-12-08 04:29:44', '2024-12-08 04:29:44'),
(125, 'আজমাহির ইসলাম ওমর', NULL, 'নুর আমিন ইসলাম', 'N/a', NULL, NULL, 'FD230866M', 20.00, NULL, 1, NULL, '2024-12-08 04:32:10', '2024-12-08 04:32:10'),
(126, 'বাবুল (উঃ)', NULL, 'মৃত কালু মিয়া', 'আসমা', 'B+', NULL, 'FD197531M', 50.00, NULL, 1, NULL, '2024-12-08 04:33:46', '2024-12-10 10:54:19'),
(127, 'বাবুল বিশ্বাস', NULL, 'মৃত শেরাজ বিশ্বাস', 'রুমা আক্তার', 'B+', '01869133034', 'ACFPD43739M', 30.00, NULL, 1, NULL, '2024-12-08 04:36:14', '2024-12-16 12:32:20'),
(128, 'মাহমুদুল হাসান শিহাব', NULL, 'আলম হোসেন', NULL, 'B+VE (Y)', '01635841973', 'ACFD84198M', 10.00, NULL, 1, NULL, '2024-12-08 04:37:00', '2024-12-16 06:11:57'),
(129, 'বাবুল হাওলাদার', NULL, 'মৃত আব্দুল মান্নান', 'পারভিন বেগম', 'B+', '+880 1914-283589', 'FD189161M', 20.00, NULL, 1, NULL, '2024-12-08 04:38:37', '2024-12-16 13:45:01'),
(130, 'মালেক', NULL, 'ইদ্রিস আলী', 'রাজিয়া বেগম', 'AB+VE (N)', '01936559589', 'FD189154M', 20.00, NULL, 1, NULL, '2024-12-08 04:41:17', '2024-12-16 13:45:26'),
(131, 'বাবুল মিয়া', NULL, 'মৃত আ: আলিম বয়াতি', 'আকলিমা বেগম', 'A+', '01731018367', 'ACFD1195M', 50.00, NULL, 1, NULL, '2024-12-08 04:43:51', '2024-12-16 06:12:41'),
(132, 'বাবুল মিয়া (পিকাপ)', NULL, 'মৃত মোঃ আঃ মান্নান', 'শিউলি আক্তার', 'B+', '01611-861816', 'FD18862M', 100.00, NULL, 1, NULL, '2024-12-08 04:46:44', '2024-12-16 13:45:59'),
(133, 'মামুন মিয়া  (বর্ষা হাসব্যান্ড )', NULL, 'সামসুল হক', 'বর্ষা আক্তার', NULL, '01952984591', 'F265435M', 10.00, NULL, 1, NULL, '2024-12-08 04:51:22', '2024-12-16 08:39:11'),
(134, 'বাবুল মিয়া (ইট বালু)', NULL, 'মৃত দুলাল মিয়া', 'জেসমিন আক্তার', 'B+', '01790670371', 'FD162624M', 10.00, NULL, 1, NULL, '2024-12-08 04:51:30', '2024-12-20 23:53:39'),
(135, 'মান্নান মিয়া', NULL, 'মৃত লাল মিয়া', 'জেসমিন সুলতানা', 'A+VE (N)', NULL, 'FD197829M', 50.00, NULL, 1, NULL, '2024-12-08 04:53:29', '2024-12-08 04:54:24'),
(136, 'বাবুল শেখ', NULL, 'নিয়ামত মন্ডল', 'শাবানা বেগম', 'B+', '01982997079', 'FD109718M', 20.00, NULL, 1, NULL, '2024-12-08 04:54:40', '2024-12-21 17:28:40'),
(137, 'মোঃ এ মান্নান ভূঁইয়া', NULL, 'মৃত হোসেন ভূঁইয়া', 'হোসনেয়ারা বেগম', 'A+VE (N)', '01936321576', 'FD65016M', 50.00, NULL, 1, NULL, '2024-12-08 04:56:42', '2024-12-20 23:54:34'),
(138, 'বাদল খান', NULL, 'মৃত শহিদুল্লাহ ইসলাম', 'সাথী বেগম', 'O+', NULL, 'ACFD162626M', 100.00, NULL, 1, NULL, '2024-12-08 04:57:06', '2024-12-08 04:57:06'),
(139, 'মোঃ বিল্লাল হোসেন', NULL, 'মোঃ আবুল বাশার', 'সেলিনা আক্তার', 'AB-VE (Y)', '01993006895', 'ACFD64941M', 50.00, NULL, 1, NULL, '2024-12-08 04:58:46', '2024-12-16 12:34:31'),
(140, 'মোঃ গিয়াসউদ্দিন', NULL, 'মৃত রহিম বক্স', 'রোকেয়া বেগম', 'B+VE (N)', NULL, 'FD84309M', 30.00, NULL, 1, NULL, '2024-12-08 05:00:24', '2024-12-08 05:00:24'),
(141, 'বাদশাহ মিয়া', NULL, 'মৃত আরমান রারি', 'নাসিমা বেগম', 'B+', '01924467645', 'ARFPD7289M', 50.00, NULL, 1, NULL, '2024-12-08 05:07:14', '2024-12-16 06:13:04'),
(142, 'মোঃ হাতেম আলী', NULL, 'মৃত আরশ আলী', 'শামসুন নাহার', 'B+VE (Y)', NULL, 'ARFPD43743M', 20.00, NULL, 1, NULL, '2024-12-08 05:08:18', '2024-12-08 05:08:18'),
(143, 'বায়েজিদ হোসেন(সাহিল)', NULL, 'বিল্লাল হোসেন', 'N/a', 'B+', NULL, 'FD257531M', 10.00, NULL, 1, NULL, '2024-12-08 05:09:23', '2024-12-11 11:48:17'),
(144, 'মোঃ জামাল উদ্দিন', NULL, 'মৃত তোয়াব আলী', 'শোমলা খাতুন', 'O+VE (N)', NULL, 'FD7357M', 50.00, NULL, 1, NULL, '2024-12-08 05:09:54', '2024-12-08 05:09:54'),
(145, 'মোঃ মুসলিম সেরনিয়াবাদ', NULL, 'মৃত মিনাজ উদ্দিন সেনিয়াবাদ', 'রাজিয়া বেগম', 'O+VE (N)', '01750316357', 'ACFD7359M', 90.00, NULL, 1, NULL, '2024-12-08 05:12:06', '2024-12-21 00:11:15'),
(146, 'বায়েজিদ মৃধা', NULL, 'জিনিয়াস মৃধা', 'N/a', 'B+', NULL, 'ACFD78528M', 20.00, NULL, 1, NULL, '2024-12-08 05:13:38', '2024-12-08 05:13:38'),
(147, 'মোঃ নুরুল হক(ভাংরি ব্যবসায়ী)', NULL, 'মোঃ নোজর আলী মাদবর', 'নাসিমা আক্তার', 'O+VE (N)', '+880 1977380312', 'FPD19050M', 50.00, NULL, 1, NULL, '2024-12-08 05:13:58', '2024-12-16 08:28:37'),
(148, 'মোঃ রাফিয়ান ইসলাম (বাবুল পিকাব )', NULL, 'মোঃ বাবুল মিয়া', 'N/a', 'O+VE (N)', '01611-861816', 'FD19019M', 20.00, NULL, 1, NULL, '2024-12-08 05:15:58', '2024-12-16 13:54:26'),
(149, 'বিজয়(জুম্মন)', NULL, 'জুম্মন', 'N/a', NULL, NULL, 'FD162028M', 10.00, NULL, 1, NULL, '2024-12-08 05:16:28', '2024-12-10 15:29:33'),
(150, 'মোঃ সাব্বির (বাবু পিকাব)', NULL, 'মোঃ বাবুল মিয়া', 'N/a', 'B+VE (N)', '01611-861816', 'FD18647M', 20.00, NULL, 1, NULL, '2024-12-08 05:17:39', '2024-12-16 13:55:15'),
(151, 'বিল্লাল হোসেন (শিহাব)', NULL, 'খালেক ডালি', 'ইসরাত জাহান সাথী', 'A-', NULL, 'FD230863M', 10.00, NULL, 1, NULL, '2024-12-08 05:18:19', '2024-12-10 10:59:01'),
(152, 'মোঃ শাহ আলম', NULL, 'মোঃ গিয়াস উদ্দিন', 'কুলসুম বেগম', 'B+VE (N)', '+8801843975120', 'FD18859M', 100.00, NULL, 1, NULL, '2024-12-08 05:19:27', '2024-12-16 13:55:45'),
(153, 'বিল্লাল হোসেন(নিশাত)', NULL, 'মৃত আনিস রারি', 'শিউলি রারি', 'B+', '01318681224', 'FD257520M', 20.00, NULL, 1, NULL, '2024-12-08 05:21:04', '2024-12-16 06:13:44'),
(154, 'মোঃ সুলতান মিয়া', NULL, 'মৃত আফজাল মিয়ার', 'শিরিন বেগম', 'A+VE (N)', NULL, 'FD73430M', 50.00, NULL, 1, NULL, '2024-12-08 05:21:13', '2024-12-08 05:21:13'),
(155, 'চন্দন কুমার দাস', NULL, 'মৃত চারুকলা দাস', 'প্রিয়াঙ্কা রানি দাস', 'B+', NULL, 'FD257519M', 10.00, NULL, 1, NULL, '2024-12-08 05:24:25', '2024-12-08 05:24:25'),
(156, 'দেলোয়ার হোসেন', NULL, 'মৃত এলাহী মাতবর', 'মুর্শিদা বেগম', 'AB-', '01721752502', 'ARFPD49905M', 50.00, NULL, 1, NULL, '2024-12-08 05:29:22', '2024-12-16 12:36:02'),
(157, 'দেলোয়ার হোসেন মোল্লা', NULL, 'মৃত রাজাই মোল্লা', 'হোসনেয়ারা বেগম', NULL, NULL, 'FD230865M', 50.00, NULL, 1, NULL, '2024-12-08 05:33:29', '2024-12-08 05:33:29'),
(158, 'মেহেদী হাসান পারভেজ', NULL, 'নাসির উদ্দিন', 'তুলোনা', 'O+VE (N)', '01916545598', 'ACFPD20756M', 50.00, NULL, 1, NULL, '2024-12-08 05:34:12', '2024-12-16 08:29:26'),
(159, 'মিলন(রংমিস্ত্রি)', NULL, 'সোহাব আলী', 'ডলি', NULL, '01954-476551', 'FD265461M', 20.00, NULL, 1, NULL, '2024-12-08 05:35:58', '2024-12-16 13:46:47'),
(160, 'মিরাজ', NULL, 'আমির হোসেন বেপারী', 'পারুল আক্তার', NULL, '01919087705', 'FD176215M', 100.00, NULL, 1, NULL, '2024-12-08 05:38:01', '2024-12-16 13:56:11'),
(161, 'এজহারুল ইসলাম ইমন', NULL, 'মৃত ইব্রাহিম মিয়া', 'সাদিয়া আফরিন', 'O+', NULL, 'FD279468M', 20.00, NULL, 1, NULL, '2024-12-08 05:38:30', '2024-12-08 05:38:30'),
(162, 'মিরাজ হোসেন লিখন', NULL, 'মোকসেদ বেপারী', 'N/a', 'A+ve(N)', NULL, 'ACFD109723M', 30.00, NULL, 1, NULL, '2024-12-08 05:39:36', '2024-12-09 18:03:02'),
(163, 'ফারদিন মিয়া', NULL, 'মৃত হান্নান মিয়া', 'N/a', NULL, NULL, 'FD279470M', 10.00, NULL, 1, NULL, '2024-12-08 05:40:56', '2024-12-08 05:40:56'),
(164, 'মিরাজ হাসান প্রিয়', NULL, 'জামাল', 'N/a', 'B+VE (N)', '01772368682', 'FD154802M', 20.00, NULL, 1, NULL, '2024-12-08 05:41:31', '2024-12-16 08:47:10'),
(165, 'ফজলুর রহমান', NULL, 'মৃত রাসমত খান', 'শাহিদা বেগম', 'B+', '+880 1719-187238', 'FD257523M', 100.00, NULL, 1, NULL, '2024-12-08 05:43:33', '2024-12-16 13:47:29'),
(166, 'মোহাম্মদ বাবুল', NULL, 'মৃত বোজলু', 'আলেয়া বেগম', 'B+VE (N)', NULL, 'FD233212M', 30.00, NULL, 1, NULL, '2024-12-08 05:43:39', '2024-12-08 05:43:39'),
(167, 'ফেরদৌস আহমেদ', NULL, 'জহিরুল ইসলাম', 'N/a', NULL, NULL, 'FD233213M', 20.00, NULL, 1, NULL, '2024-12-08 05:46:31', '2024-12-08 05:46:31'),
(168, 'মহসিন আলী', NULL, 'হাতেম আলী', 'ফাহিমা খাতুন', 'B+VE (N)', '+880 1981-886999', 'ARFPD49904M', 30.00, NULL, 1, NULL, '2024-12-08 05:46:53', '2024-12-16 08:50:07'),
(169, 'ফয়সাল আহমেদ (আহসান হাবী)', NULL, 'আহসান হাবীব', 'N/a', NULL, NULL, 'FD162003M', 20.00, NULL, 1, NULL, '2024-12-08 05:49:03', '2024-12-10 11:00:00'),
(170, 'মহসিন', NULL, 'আবদুর রহিম', 'N/a', 'O+VE (N)', NULL, 'FD141502M', 20.00, NULL, 1, NULL, '2024-12-08 05:49:09', '2024-12-08 05:49:09'),
(171, 'মজিবুর রহমান', NULL, 'মৃত হাসমত আলী', 'নাসিমা বেগম', NULL, '017-267-23154', 'FD161996M', 50.00, NULL, 1, NULL, '2024-12-08 05:51:12', '2024-12-16 08:29:51'),
(172, 'মজিবুর রহমান', NULL, 'মৃত আব্দুল হাশেম গাজী', 'বানু বিবি', NULL, NULL, 'FD162025M', 20.00, NULL, 1, NULL, '2024-12-08 05:53:35', '2024-12-08 05:53:35'),
(173, 'মোকসেদ', NULL, 'মৃত জমসের বেপারী', 'বিউটি আক্তার', 'B+VE (N)', NULL, 'FD109721M', 50.00, NULL, 1, NULL, '2024-12-08 05:56:21', '2024-12-08 05:56:21'),
(174, 'মোক্তার হোসেন', NULL, 'মকবুল হোসেন', 'স্বপ্না', 'O+VE (N)', '01716571392', 'ACFPD27086M', 50.00, NULL, 1, NULL, '2024-12-08 05:58:30', '2024-12-20 23:56:04'),
(175, 'মনির', NULL, 'লিয়াকত আলী', 'শিরিন বেগম', 'B+VE (N)', '018-610-01055', 'FD197852M', 100.00, NULL, 1, NULL, '2024-12-08 06:00:42', '2024-12-16 08:39:41'),
(176, 'মুরসালিন', NULL, 'জুম্মন', 'N/a', NULL, NULL, 'FD161998M', 10.00, NULL, 1, NULL, '2024-12-08 06:01:48', '2024-12-08 06:01:48'),
(177, 'মোসলেম শিকদার', NULL, 'মৃত এ. আজিজ শিকদার', 'রুমা বেগম', 'O-VE (N)', NULL, 'FD230870M', 20.00, NULL, 1, NULL, '2024-12-08 06:03:24', '2024-12-08 06:03:24'),
(178, 'রেজাউল করিম', NULL, 'মাহবুবুর রহমান সোহেল', NULL, 'O+VE (N)', '01749898798', 'FD240658M', 100.00, 'upload/images/FD240658M_1734888312.pdf', 1, NULL, '2024-12-08 06:24:49', '2024-12-22 22:25:12'),
(179, 'রিয়াজুল ইসলাম', NULL, 'আব্দুর রব', 'সুলতানা বেগম', 'A-', '019-910-59627', 'FPD175618M', 20.00, NULL, 1, NULL, '2024-12-08 06:27:12', '2024-12-16 08:30:47'),
(180, 'রবিন (চা দোকান )', NULL, 'আব্দুল রাজ্জাক মিয়া', 'উম্মে হালিমা', NULL, NULL, 'F262158M', 20.00, NULL, 1, NULL, '2024-12-08 06:29:04', '2024-12-08 06:29:57'),
(181, 'রবিন ( রংমিস্ত্রি )', NULL, 'ইয়াসিন', 'তাসফিয়া', NULL, '+880 1618-891618', 'FD265444M', 20.00, NULL, 1, NULL, '2024-12-08 06:32:15', '2024-12-16 13:47:52'),
(182, 'রুবেল চৌকিদার', NULL, 'মৃত নুরু চৌকিদার', 'শিফা', 'B-', '+880 1714-360806', 'ACFD96886M', 50.00, NULL, 1, NULL, '2024-12-08 06:34:00', '2024-12-16 13:57:10'),
(183, 'রুবেল মিয়া', NULL, 'বাদশা মিয়া', 'সুমাইয়া আক্তার', 'B+', NULL, 'ACFD1170M', 50.00, NULL, 1, NULL, '2024-12-08 06:35:06', '2024-12-08 06:35:06'),
(184, 'রুবেল মিয়া (স্বর্ণ বুঝি)', NULL, 'মৃত জলিল মিয়া', 'সীমা বেগম', 'A+', NULL, 'ACFD1204M', 20.00, NULL, 1, NULL, '2024-12-08 06:37:17', '2024-12-10 10:15:06'),
(185, 'রুবেল শিকদার', NULL, 'নুর ইসলাম শিকদার', 'মাহিনুর সাঁথিয়া', 'A+', '+880 1986350018', 'FD247697M', 50.00, NULL, 1, NULL, '2024-12-08 06:38:45', '2024-12-16 08:31:10'),
(186, 'রুহুল আমিন নিশাত', NULL, 'বাদশা মিয়া', NULL, 'B+', NULL, 'ACFD84305M', 100.00, NULL, 1, NULL, '2024-12-08 06:39:51', '2024-12-10 10:17:27'),
(187, 'রোমান আহম্মেদ ইমন', NULL, 'মুসলিম শিকদার', NULL, 'O-', NULL, 'ACFD19067M', 20.00, NULL, 1, NULL, '2024-12-08 06:41:12', '2024-12-08 06:41:39'),
(188, 'সাদেক', NULL, 'মৃত আফসু মিয়া', 'পারবিন', NULL, '01923833190', 'FD237366M', 20.00, NULL, 1, NULL, '2024-12-08 06:43:22', '2024-12-16 12:43:38'),
(189, 'সাদেক হোসেন খোকা', NULL, 'মৃত জাহাঙ্গীর আলম', 'তাসলিমা', 'B+', NULL, 'ACF265519M', 20.00, NULL, 1, NULL, '2024-12-08 06:45:00', '2024-12-10 10:18:58'),
(190, 'সাইফুদ্দিন মেজু', NULL, 'মৃত নাজিম মিয়া', 'মৃত জুলেখা', 'B+', '01985278587', 'ACFD1187M', 30.00, NULL, 1, NULL, '2024-12-08 06:46:42', '2024-12-20 23:56:54'),
(191, 'সাগর (পলাশ)', NULL, 'আব্দুল মালেক', NULL, NULL, '01950487767', 'FD197813M', 20.00, NULL, 1, NULL, '2024-12-08 06:47:55', '2024-12-16 13:48:16'),
(192, 'সাইদ মিয়া', NULL, 'মোস্তফা মাঝি', 'ঝিনুক মালা', 'O+', '01626168650', 'ACFD43735M', 50.00, NULL, 1, NULL, '2024-12-08 06:49:02', '2024-12-21 00:08:58'),
(194, 'হাবিবুল্লাহ', NULL, 'তাজুল ইসলাম দেওয়ান', 'রোজিনা বেগম', 'B+', '01917935166', 'FPD157419M', 100.00, NULL, 1, NULL, '2024-12-08 07:30:23', '2024-12-16 13:49:22'),
(195, 'হামিম আহমেদ(সুজন)', NULL, 'শাহিন আহমেদ সুজন', 'N/a', NULL, NULL, 'FD162001M', 20.00, NULL, 1, NULL, '2024-12-08 07:33:18', '2024-12-11 11:53:28'),
(196, 'হানিফ বেপারি', NULL, 'মৃত হোসেন বেপারি', 'পেয়ারা', NULL, '01721560757', 'FD257526M', 50.00, NULL, 1, NULL, '2024-12-08 07:42:19', '2024-12-16 12:50:50'),
(197, 'হাসান', NULL, 'দেলোয়ার হোসেন', 'N/a', 'A+', NULL, 'FD141404M', 20.00, NULL, 1, NULL, '2024-12-08 07:47:02', '2024-12-08 07:47:02'),
(198, 'গোলাম সারোয়ার', NULL, 'হানিফ বেপারি', NULL, 'A+', '01988624594', 'FD240672M', 20.00, NULL, 1, NULL, '2024-12-08 07:50:27', '2024-12-16 12:52:22'),
(199, 'ইমন শেখ', NULL, 'সাইফুল শেখ', 'N/a', 'O+', NULL, 'ACFD109735M', 20.00, NULL, 1, NULL, '2024-12-08 07:53:00', '2024-12-08 07:53:00'),
(201, 'ইসমাইল হোসেন', NULL, 'মজিবুর রহমান', 'N/a', 'B+', NULL, 'FD162026M', 10.00, NULL, 1, NULL, '2024-12-08 09:18:17', '2024-12-08 09:18:17'),
(202, 'জাহাঙ্গীর।( মুরুব্বী)', NULL, 'মৃত বারেক', 'পারভিন আক্তার', NULL, '019-272-43805', 'FD247789M', 20.00, NULL, 1, NULL, '2024-12-08 09:21:28', '2024-12-16 08:31:38'),
(203, 'জাহাঙ্গীর আলম', NULL, 'মৃত মান্নাফ', 'নাসরিন আক্তার', 'O+', '019-278-87657', 'ARFD1849M', 50.00, NULL, 1, NULL, '2024-12-08 09:27:45', '2024-12-16 08:32:23'),
(204, 'জাহিদ হাসান মামুন', NULL, 'মৃত আহসান উল্লাহ', 'মিতা', 'B+', '01912024281', 'ACFPD59485M', 100.00, NULL, 1, NULL, '2024-12-08 09:30:05', '2024-12-21 00:09:40'),
(205, 'জাহিদ হাসান নাঈম', NULL, 'নাসির উদ্দিন', 'N/a', 'O+', '01925142901', 'ACFD109706M', 110.00, 'upload/images/ACFD109706M_1735584611.png', 1, NULL, '2024-12-08 09:32:19', '2024-12-30 23:50:12'),
(206, 'জাহিদুল ইসলাম', NULL, 'মৃত নুর মিয়া', 'স্বর্ণালী আক্তার', 'AB+', NULL, 'ACFD24791M', 30.00, NULL, 1, NULL, '2024-12-08 09:42:23', '2024-12-08 09:42:23'),
(207, 'জাকারিয়া', NULL, 'জাকির', 'N/a', NULL, NULL, 'FD279465M', 10.00, NULL, 1, NULL, '2024-12-08 09:48:53', '2024-12-08 09:48:53'),
(208, 'জাকারিয়া জাকির', NULL, 'হাজী সানাউল্লাহ মিয়া', 'শিরীন আক্তার', NULL, NULL, 'FD176214M', 10.00, NULL, 1, NULL, '2024-12-08 09:50:57', '2024-12-08 09:50:57'),
(209, 'সোফি', NULL, 'মৃত হাবিব মুন্ধা', 'রওশন আরা', NULL, NULL, 'FD162020M', 20.00, NULL, 1, NULL, '2024-12-08 11:26:11', '2024-12-08 11:26:11'),
(210, 'সোহেল রানা', NULL, 'মৃত মোঃ শহিদুল্লাহ', 'সামসুন নাহার', 'AB+VE (N)', '01935073392', 'FD11940M', 50.00, NULL, 1, NULL, '2024-12-08 11:28:17', '2024-12-16 12:47:27'),
(211, 'সোহেল সরকার', NULL, 'মৃত জলিল সরকার', 'N/a', 'O+VE (N)', NULL, 'FD141494M', 20.00, NULL, 1, NULL, '2024-12-08 11:29:54', '2024-12-10 10:33:38'),
(212, 'সোহরাব মিয়া', NULL, 'মৃত হাসান আলী', 'নাসিমা বেগম', 'B+VE (N)', '01710813046', 'FD18842M', 20.00, NULL, 1, NULL, '2024-12-08 11:32:16', '2024-12-16 12:48:13'),
(213, 'সোজল হোসেন(অলি)', NULL, 'মান্নান বেপারী', 'ইয়ারুন আক্তার', NULL, NULL, 'FD230872M', 50.00, NULL, 1, NULL, '2024-12-08 11:43:55', '2024-12-10 14:34:32'),
(214, 'সম্রাট হোসেন', NULL, 'বিল্লাল শেখ', 'খাদিজা বেগম', 'O+VE (N)', NULL, 'FD237363M', 20.00, NULL, 1, NULL, '2024-12-08 11:47:04', '2024-12-10 10:35:54'),
(215, 'সুলতান আহমেদ', NULL, 'মৃত ওমেদ আলী প্রামানিক', 'রানী বেগম', 'B+VE (N)', '01782585844', 'FPD109425M', 100.00, NULL, 1, NULL, '2024-12-08 11:49:10', '2024-12-20 23:57:35'),
(216, 'সুলতান হোসেন আরাফাত', NULL, 'খোকন হাওলাদার', 'N/a', 'O+VE (N)', NULL, 'FD189157M', 20.00, NULL, 1, NULL, '2024-12-08 11:50:38', '2024-12-08 11:50:38'),
(217, 'তাহসিন আমিন সৌদ', NULL, 'আল আমিন', NULL, 'AB+VE (N)', NULL, 'FD237367M', 20.00, NULL, 1, NULL, '2024-12-08 11:52:54', '2024-12-08 11:52:54'),
(219, 'তালহা', NULL, 'আল আমিন সরকার', 'N/a', NULL, NULL, 'FD237365M', 10.00, NULL, 1, NULL, '2024-12-08 11:57:44', '2024-12-08 11:57:44'),
(220, 'তানভীর আহমেদ(ফয়সাল)', NULL, 'বাবুল মিয়া', 'N/a', 'O-VE (Y)', NULL, 'FD109734M', 30.00, NULL, 1, NULL, '2024-12-08 11:59:17', '2024-12-10 14:36:09'),
(221, 'তানভীর খান', NULL, 'জহিরউদ্দিন', 'N/a', 'A+VE (N)', '01586-063464', 'FD257517M', 20.00, NULL, 1, NULL, '2024-12-08 12:00:42', '2024-12-16 08:47:30'),
(222, 'তারা মিয়া', NULL, 'মৃত জিন্নত আলী', 'নুর বানু', NULL, NULL, 'FD162018M', 30.00, NULL, 1, NULL, '2024-12-08 12:02:03', '2024-12-08 12:02:03'),
(223, 'তৌহিদুল ইসলাম(সম্রাট পুত্র)', NULL, 'সোমরাত হোসেন', 'N/a', 'A-VE (N)', NULL, 'FD237362M', 10.00, NULL, 1, NULL, '2024-12-08 12:04:37', '2024-12-11 12:29:49'),
(224, 'তৌফিক মিয়া', NULL, 'মৃত সুন্নাত মিয়া', 'ফরিদা বেগম', NULL, NULL, 'FD197810M', 20.00, NULL, 1, NULL, '2024-12-08 12:13:32', '2024-12-08 12:13:32'),
(225, 'টুটুল খান', NULL, 'মৃত নাইম খা', 'খাদিজা', NULL, NULL, 'F262159M', 10.00, NULL, 1, NULL, '2024-12-08 12:14:43', '2024-12-08 12:14:43'),
(226, 'ভাসান', NULL, 'মৃত তোরাব খা', 'মরিয়ম বেগম', NULL, NULL, 'FD197882M', 20.00, NULL, 1, NULL, '2024-12-08 12:16:02', '2024-12-08 12:16:02'),
(227, 'ইয়াসিন আহমেদ', NULL, 'লাল মিয়া', 'N/a', 'O+VE (Y)', '01997-640352', 'ACFD157420M', 50.00, NULL, 1, NULL, '2024-12-08 12:17:46', '2024-12-16 08:47:52'),
(228, 'ইয়াসিন আলী', NULL, 'হাতেম আলী', 'সুলতানা বেগম', NULL, NULL, 'FD176181M', 20.00, NULL, 1, NULL, '2024-12-08 12:37:22', '2024-12-10 10:44:29'),
(229, 'ইয়াসিন আরাফাত রাফি', NULL, 'জুম্মন', 'N/a', NULL, NULL, 'FD162034M', 10.00, NULL, 1, NULL, '2024-12-08 12:38:33', '2024-12-08 12:38:33'),
(230, 'ইয়াছিন উদ্দিন', NULL, 'নাসিম উদ্দিন', 'N/a', NULL, NULL, 'FD189151M', 10.00, NULL, 1, NULL, '2024-12-08 12:40:05', '2024-12-08 12:41:45'),
(231, 'ইয়ামিন উদ্দিন', NULL, 'নাসিম উদ্দিন', 'N/a', NULL, NULL, 'FD189153M', 10.00, NULL, 1, NULL, '2024-12-08 12:41:07', '2024-12-08 12:44:52'),
(234, 'সাইদুল ইসলাম (মরু)', NULL, 'মৃত শামসুল হক', 'হোসনেয়ারা বেগম', NULL, NULL, 'FD197826M', 20.00, NULL, 1, NULL, '2024-12-08 13:45:10', '2024-12-10 13:02:56'),
(235, 'সাইফুল ইসলাম বাপ্পী', NULL, 'সোহরাব আলী', 'N/a', 'O+', NULL, 'FD580M', 50.00, NULL, 1, NULL, '2024-12-08 13:47:45', '2024-12-08 13:47:45'),
(236, 'সাইফুল শেখ', NULL, 'মৃত নাজিম শেখ', 'রোকেয়া খাতুন', 'O+', '01926975829', 'FD109739M', 20.00, NULL, 1, NULL, '2024-12-08 13:49:41', '2024-12-20 23:58:31'),
(237, 'সাকিব হোসেন নুর (টিপু)', NULL, 'মোঃ সুলতান মিয়া টিপু', 'N/a', 'B+', NULL, 'FD73407M', 10.00, NULL, 1, NULL, '2024-12-09 04:43:37', '2024-12-10 13:06:20'),
(239, 'সাক্কু', NULL, 'মৃত আব্দুর রব মুন্সী', 'মিশু', NULL, NULL, 'FD161995M', 10.00, NULL, 1, NULL, '2024-12-09 05:03:07', '2024-12-16 05:54:02'),
(240, 'সানাউল্লাহ', '(রুবেল)', 'শহিদুল্লাহ', 'N/a', 'O+', '01918159724', 'ACFPD49906M', 100.00, NULL, 1, NULL, '2024-12-09 05:08:31', '2024-12-31 09:26:51'),
(241, 'সানাউল্লাহ', NULL, 'মৃত মাহাদ আলী', 'রুজিনা আক্তার', NULL, NULL, 'FD162004M', 10.00, NULL, 1, NULL, '2024-12-09 05:13:51', '2024-12-09 05:13:51'),
(242, 'সাজেদুল ইসলাম পারভেজ', NULL, 'মাহবুবুর রহমান সোহেল', 'N/a', 'A+VE (N)', '01749898798', 'F262160M', 50.00, 'upload/images/F262160M_1734888748.jpeg', 1, NULL, '2024-12-09 05:20:15', '2024-12-22 22:32:28'),
(243, 'সেলিম', '(মকবুল)', 'মকবুল হোসেন', 'শিউলি আক্তার', 'O+', NULL, 'FD109430M', 30.00, NULL, 1, NULL, '2024-12-09 05:23:32', '2024-12-31 09:25:53'),
(244, 'শাহাদুজ্জামান', '(সানাউল্লাহ)', 'জসিম উদ্দীন', 'N/a', NULL, NULL, 'FD162033M', 100.00, NULL, 1, NULL, '2024-12-09 05:25:43', '2024-12-31 09:24:34'),
(245, 'শহিদুল ইসলাম(শরিফুল)', NULL, 'জালাল উদ্দিন বেপারি', 'N/a', NULL, NULL, 'FD197855M', 20.00, NULL, 1, NULL, '2024-12-09 05:27:16', '2024-12-10 14:28:48'),
(246, 'শহিদুল শেখ', '(ভাঙ্গারি)', 'আঃ সাত্তার', 'রেখা বেগম', 'O+', '017-256-09379', 'ACFD7363M', 50.00, NULL, 1, NULL, '2024-12-09 05:30:49', '2024-12-31 09:19:39'),
(247, 'শহিদুল্লাহ মিরাজী', NULL, 'মৃত মনির হোসেন', 'ইনতেজা বেগম', 'B+', NULL, 'FD109738M', 100.00, NULL, 1, NULL, '2024-12-09 05:33:51', '2024-12-09 05:33:51'),
(248, 'শাহিল ইসলাম', NULL, 'মৃত নুর ইসলাম', 'N/a', 'B+', NULL, 'ACFD257514M', 10.00, NULL, 1, NULL, '2024-12-09 05:35:58', '2024-12-09 05:35:58'),
(249, 'শাহিন আহমেদ সুজন', NULL, 'মৃত মোহাম্মদ শেখ', 'আফরোজা বেগম', 'B+', NULL, 'ARFD11296M', 30.00, NULL, 1, NULL, '2024-12-09 05:37:39', '2024-12-09 05:37:39'),
(250, 'শাজাহান', NULL, 'মৃত আজহার বয়াতি', 'শিউলি বেগম', 'B+', NULL, 'FD162027M', 20.00, NULL, 1, NULL, '2024-12-09 05:40:01', '2024-12-09 05:40:01'),
(251, 'শাহরিয়া নাফিজ শামস', NULL, 'নুর আমিন ইসলাম', 'N/a', NULL, NULL, 'FD230867M', 30.00, NULL, 1, NULL, '2024-12-09 05:42:30', '2024-12-09 05:42:30'),
(252, 'শামিম হোসেন', NULL, 'মৃত আব্দুর রশীদ', 'ফারজানা', 'B+', '+880 1575-796322', 'ACFD18475M', 50.00, NULL, 1, NULL, '2024-12-09 05:47:02', '2024-12-16 13:57:42'),
(253, 'শামসু মহাজন', NULL, 'মৃত আব্দুর রশীদ', 'জোসনা বেগম', NULL, NULL, 'FD162000M', 20.00, NULL, 1, NULL, '2024-12-09 05:49:46', '2024-12-09 05:49:46'),
(254, 'শামসুদ্দীন', '(মুরুব্বী)', 'মৃত নুর মোহাম্মদ', 'ফরিদা বেগম', NULL, NULL, 'FD189150M', 10.00, NULL, 1, NULL, '2024-12-09 05:52:21', '2024-12-31 09:18:48'),
(255, 'শরিফুল বেপারি', NULL, 'জামাল উদ্দিন', 'কামরুন্নাহার', 'O+', '01991-407334', 'FD141506M', 30.00, NULL, 1, NULL, '2024-12-09 05:55:12', '2024-12-16 08:48:13'),
(256, 'শাওন হাওলাদার', NULL, 'খোকন হাওলাদার', 'N/a', 'B+', NULL, 'ACFD109731M', 30.00, NULL, 1, NULL, '2024-12-09 05:59:17', '2024-12-09 05:59:17'),
(257, 'শিহাব হোসেন', NULL, 'বিল্লা হোসেন', 'N/a', 'O+', '+880 1620-045687', 'FD230868M', 10.00, NULL, 1, NULL, '2024-12-09 06:02:59', '2024-12-16 08:48:55'),
(258, 'শফিকুল ইসলাম', '(প্রবাসী)', 'আঃ খালেক ভূঁইয়া', 'শাহিনুর আক্তার', 'B+', '009-665-32410280', 'FD14947M', 50.00, NULL, 1, NULL, '2024-12-09 06:15:32', '2024-12-31 09:17:11'),
(259, 'স্বপন খান', NULL, 'লাহাউদ্দিন খান', 'মাহমুদা রহমান', 'B+', '01850456302', 'ACFD109726M', 50.00, NULL, 1, NULL, '2024-12-09 07:18:25', '2024-12-21 00:00:34'),
(260, 'সিয়াম আহমেদ', NULL, 'সেলিম হোসেন', 'N/a', NULL, NULL, 'F262167M', 20.00, NULL, 1, NULL, '2024-12-09 07:20:19', '2024-12-09 07:20:19'),
(261, 'সিফাত শেখ', NULL, 'সাইফুল শেখ', 'N/a', 'A+', NULL, 'FD141511M', 20.00, NULL, 1, NULL, '2024-12-09 07:23:28', '2024-12-09 07:23:28'),
(262, 'শিহন সরকার', NULL, 'রুবেল সরকার', 'N/a', NULL, NULL, 'FD197806M', 10.00, NULL, 1, NULL, '2024-12-09 07:25:53', '2024-12-09 07:25:53'),
(263, 'সিরাজুল', 'সেলিম পুত্র', 'সেলিম', 'N/a', NULL, NULL, 'FD237368M', 20.00, NULL, 1, NULL, '2024-12-09 07:27:44', '2024-12-31 08:37:19'),
(264, 'সিয়াম', NULL, 'দিলু হোসেন', 'N/a', 'A+', '+880 1621-249013', 'FD257509M', 20.00, NULL, 1, NULL, '2024-12-09 07:30:56', '2024-12-16 08:49:18'),
(265, 'মাহবুবুর রহমান সোহেল', NULL, 'আবুল কাশেম বেপারী', 'শারমিন আক্তার শান্তা', 'O+VE (N)', '01749898798', 'ACFD141503M', 100.00, 'upload/images/ACFD141503M_1734887150.jpg', 1, NULL, '2024-12-09 17:48:03', '2024-12-22 22:05:50');

-- --------------------------------------------------------

--
-- Table structure for table `member_assigns`
--

CREATE TABLE `member_assigns` (
  `id` bigint(20) UNSIGNED NOT NULL,
  `user_id` bigint(20) UNSIGNED NOT NULL,
  `member_id` bigint(20) UNSIGNED NOT NULL,
  `created_at` timestamp NULL DEFAULT NULL,
  `updated_at` timestamp NULL DEFAULT NULL
) ENGINE=InnoDB DEFAULT CHARSET=utf8mb4 COLLATE=utf8mb4_unicode_ci;

--
-- Dumping data for table `member_assigns`
--

INSERT INTO `member_assigns` (`id`, `user_id`, `member_id`, `created_at`, `updated_at`) VALUES
(33, 9, 162, '2024-12-10 11:20:41', '2024-12-10 11:20:41'),
(34, 9, 173, '2024-12-10 12:07:11', '2024-12-10 12:07:11'),
(35, 10, 29, '2024-12-10 12:13:42', '2024-12-10 12:13:42'),
(37, 10, 33, '2024-12-10 12:13:42', '2024-12-10 12:13:42'),
(38, 10, 34, '2024-12-10 12:13:42', '2024-12-10 12:13:42'),
(39, 10, 44, '2024-12-10 12:13:42', '2024-12-10 12:13:42'),
(40, 10, 48, '2024-12-10 12:13:42', '2024-12-10 12:13:42'),
(42, 10, 68, '2024-12-10 12:13:42', '2024-12-10 12:13:42'),
(43, 10, 82, '2024-12-10 12:13:42', '2024-12-10 12:13:42'),
(44, 10, 92, '2024-12-10 12:13:42', '2024-12-10 12:13:42'),
(45, 10, 134, '2024-12-10 12:13:42', '2024-12-10 12:13:42'),
(46, 10, 136, '2024-12-10 12:13:42', '2024-12-10 12:13:42'),
(47, 10, 137, '2024-12-10 12:13:42', '2024-12-10 12:13:42'),
(48, 10, 166, '2024-12-10 12:13:42', '2024-12-10 12:13:42'),
(49, 10, 174, '2024-12-10 12:13:42', '2024-12-10 12:13:42'),
(51, 10, 215, '2024-12-10 12:13:42', '2024-12-10 12:13:42'),
(52, 10, 236, '2024-12-10 12:13:42', '2024-12-10 12:13:42'),
(53, 10, 240, '2024-12-10 12:13:42', '2024-12-10 12:13:42'),
(54, 10, 247, '2024-12-10 12:13:42', '2024-12-10 12:13:42'),
(55, 10, 259, '2024-12-10 12:13:42', '2024-12-10 12:13:42'),
(56, 10, 91, '2024-12-10 12:16:04', '2024-12-10 12:16:04'),
(57, 10, 100, '2024-12-10 12:16:04', '2024-12-10 12:16:04'),
(58, 10, 192, '2024-12-10 12:16:04', '2024-12-10 12:16:04'),
(59, 10, 204, '2024-12-10 12:20:48', '2024-12-10 12:20:48'),
(60, 9, 40, '2024-12-10 12:26:04', '2024-12-10 12:26:04'),
(61, 9, 41, '2024-12-10 12:26:04', '2024-12-10 12:26:04'),
(62, 9, 78, '2024-12-10 12:26:04', '2024-12-10 12:26:04'),
(63, 9, 97, '2024-12-10 12:26:04', '2024-12-10 12:26:04'),
(64, 9, 120, '2024-12-10 12:26:04', '2024-12-10 12:26:04'),
(65, 9, 126, '2024-12-10 12:26:04', '2024-12-10 12:26:04'),
(66, 9, 135, '2024-12-10 12:26:04', '2024-12-10 12:26:04'),
(67, 9, 138, '2024-12-10 12:26:04', '2024-12-10 12:26:04'),
(68, 9, 154, '2024-12-10 12:26:04', '2024-12-10 12:26:04'),
(69, 9, 167, '2024-12-10 12:26:04', '2024-12-10 12:26:04'),
(70, 9, 206, '2024-12-10 12:26:04', '2024-12-10 12:26:04'),
(71, 9, 208, '2024-12-10 12:26:04', '2024-12-10 12:26:04'),
(72, 9, 209, '2024-12-10 12:26:04', '2024-12-10 12:26:04'),
(73, 9, 239, '2024-12-10 12:26:04', '2024-12-10 12:26:04'),
(74, 9, 241, '2024-12-10 12:26:04', '2024-12-10 12:26:04'),
(75, 9, 98, '2024-12-10 12:28:54', '2024-12-10 12:28:54'),
(76, 6, 35, '2024-12-10 12:34:35', '2024-12-10 12:34:35'),
(77, 6, 37, '2024-12-10 12:34:35', '2024-12-10 12:34:35'),
(78, 6, 77, '2024-12-10 12:34:35', '2024-12-10 12:34:35'),
(79, 6, 99, '2024-12-10 12:34:35', '2024-12-10 12:34:35'),
(80, 6, 111, '2024-12-10 12:34:35', '2024-12-10 12:34:35'),
(81, 6, 113, '2024-12-10 12:34:35', '2024-12-10 12:34:35'),
(82, 6, 128, '2024-12-10 12:34:35', '2024-12-10 12:34:35'),
(83, 6, 131, '2024-12-10 12:34:35', '2024-12-10 12:34:35'),
(84, 6, 141, '2024-12-10 12:34:35', '2024-12-10 12:34:35'),
(85, 6, 153, '2024-12-10 12:34:35', '2024-12-10 12:34:35'),
(86, 6, 155, '2024-12-10 12:34:35', '2024-12-10 12:34:35'),
(87, 6, 157, '2024-12-10 12:34:35', '2024-12-10 12:34:35'),
(88, 6, 183, '2024-12-10 12:34:35', '2024-12-10 12:34:35'),
(89, 6, 186, '2024-12-10 12:34:35', '2024-12-10 12:34:35'),
(90, 6, 213, '2024-12-10 12:34:35', '2024-12-10 12:34:35'),
(91, 6, 26, '2024-12-10 12:40:41', '2024-12-10 12:40:41'),
(92, 6, 45, '2024-12-10 12:40:41', '2024-12-10 12:40:41'),
(95, 6, 53, '2024-12-10 12:40:41', '2024-12-10 12:40:41'),
(97, 6, 142, '2024-12-10 12:40:41', '2024-12-10 12:40:41'),
(100, 6, 151, '2024-12-10 12:40:41', '2024-12-10 12:40:41'),
(101, 6, 161, '2024-12-10 12:40:41', '2024-12-10 12:40:41'),
(103, 6, 214, '2024-12-10 12:40:41', '2024-12-10 12:40:41'),
(104, 6, 228, '2024-12-10 12:40:41', '2024-12-10 12:40:41'),
(105, 6, 235, '2024-12-10 12:40:41', '2024-12-10 12:40:41'),
(106, 6, 254, '2024-12-10 12:40:41', '2024-12-10 12:40:41'),
(109, 8, 31, '2024-12-10 12:50:49', '2024-12-10 12:50:49'),
(110, 8, 32, '2024-12-10 12:50:49', '2024-12-10 12:50:49'),
(111, 8, 38, '2024-12-10 12:50:49', '2024-12-10 12:50:49'),
(112, 8, 42, '2024-12-10 12:50:49', '2024-12-10 12:50:49'),
(113, 8, 43, '2024-12-10 12:50:49', '2024-12-10 12:50:49'),
(114, 8, 58, '2024-12-10 12:50:49', '2024-12-10 12:50:49'),
(115, 8, 61, '2024-12-10 12:50:49', '2024-12-10 12:50:49'),
(116, 8, 74, '2024-12-10 12:50:49', '2024-12-10 12:50:49'),
(117, 8, 81, '2024-12-10 12:50:49', '2024-12-10 12:50:49'),
(118, 8, 110, '2024-12-10 12:50:49', '2024-12-10 12:50:49'),
(119, 8, 172, '2024-12-10 12:50:49', '2024-12-10 12:50:49'),
(120, 8, 180, '2024-12-10 12:50:49', '2024-12-10 12:50:49'),
(121, 8, 188, '2024-12-10 12:50:49', '2024-12-10 12:50:49'),
(122, 8, 196, '2024-12-10 12:50:49', '2024-12-10 12:50:49'),
(124, 8, 210, '2024-12-10 12:50:49', '2024-12-10 12:50:49'),
(125, 8, 212, '2024-12-10 12:50:49', '2024-12-10 12:50:49'),
(126, 8, 222, '2024-12-10 12:50:49', '2024-12-10 12:50:49'),
(127, 8, 253, '2024-12-10 12:50:49', '2024-12-10 12:50:49'),
(128, 8, 87, '2024-12-10 12:53:39', '2024-12-10 12:53:39'),
(129, 8, 88, '2024-12-10 12:53:39', '2024-12-10 12:53:39'),
(130, 8, 105, '2024-12-10 12:53:39', '2024-12-10 12:53:39'),
(131, 8, 121, '2024-12-10 12:53:39', '2024-12-10 12:53:39'),
(132, 8, 127, '2024-12-10 12:53:39', '2024-12-10 12:53:39'),
(133, 8, 139, '2024-12-10 12:53:39', '2024-12-10 12:53:39'),
(134, 8, 156, '2024-12-10 12:53:39', '2024-12-10 12:53:39'),
(135, 8, 224, '2024-12-10 12:53:39', '2024-12-10 12:53:39'),
(136, 9, 237, '2024-12-10 13:04:23', '2024-12-10 13:04:23'),
(137, 8, 198, '2024-12-10 13:28:39', '2024-12-10 13:28:39'),
(139, 5, 39, '2024-12-10 14:01:13', '2024-12-10 14:01:13'),
(140, 5, 46, '2024-12-10 14:01:13', '2024-12-10 14:01:13'),
(141, 5, 63, '2024-12-10 14:01:13', '2024-12-10 14:01:13'),
(142, 5, 75, '2024-12-10 14:01:13', '2024-12-10 14:01:13'),
(143, 5, 83, '2024-12-10 14:01:13', '2024-12-10 14:01:13'),
(144, 5, 84, '2024-12-10 14:01:13', '2024-12-10 14:01:13'),
(145, 5, 90, '2024-12-10 14:01:13', '2024-12-10 14:01:13'),
(147, 5, 109, '2024-12-10 14:01:13', '2024-12-10 14:01:13'),
(148, 5, 115, '2024-12-10 14:01:13', '2024-12-10 14:01:13'),
(149, 5, 129, '2024-12-10 14:01:13', '2024-12-10 14:01:13'),
(150, 5, 130, '2024-12-10 14:01:13', '2024-12-10 14:01:13'),
(151, 5, 132, '2024-12-10 14:01:13', '2024-12-10 14:01:13'),
(152, 5, 159, '2024-12-10 14:01:13', '2024-12-10 14:01:13'),
(153, 5, 165, '2024-12-10 14:01:13', '2024-12-10 14:01:13'),
(154, 5, 181, '2024-12-10 14:01:13', '2024-12-10 14:01:13'),
(155, 5, 191, '2024-12-10 14:01:13', '2024-12-10 14:01:13'),
(156, 5, 194, '2024-12-10 14:01:13', '2024-12-10 14:01:13'),
(157, 6, 124, '2024-12-10 14:03:13', '2024-12-10 14:03:13'),
(158, 5, 50, '2024-12-10 14:08:39', '2024-12-10 14:08:39'),
(159, 5, 52, '2024-12-10 14:08:39', '2024-12-10 14:08:39'),
(161, 5, 57, '2024-12-10 14:08:39', '2024-12-10 14:08:39'),
(162, 5, 69, '2024-12-10 14:08:39', '2024-12-10 14:08:39'),
(163, 5, 106, '2024-12-10 14:08:39', '2024-12-10 14:08:39'),
(164, 5, 148, '2024-12-10 14:08:39', '2024-12-10 14:08:39'),
(165, 5, 150, '2024-12-10 14:08:39', '2024-12-10 14:08:39'),
(166, 5, 152, '2024-12-10 14:08:39', '2024-12-10 14:08:39'),
(167, 5, 160, '2024-12-10 14:08:39', '2024-12-10 14:08:39'),
(168, 5, 182, '2024-12-10 14:08:39', '2024-12-10 14:08:39'),
(169, 5, 252, '2024-12-10 14:08:39', '2024-12-10 14:08:39'),
(170, 6, 47, '2024-12-10 14:16:33', '2024-12-10 14:16:33'),
(171, 5, 86, '2024-12-10 14:18:22', '2024-12-10 14:18:22'),
(172, 5, 89, '2024-12-10 14:18:22', '2024-12-10 14:18:22'),
(174, 6, 251, '2024-12-10 14:30:41', '2024-12-10 14:30:41'),
(175, 7, 60, '2024-12-10 14:31:37', '2024-12-10 14:31:37'),
(177, 7, 76, '2024-12-10 14:31:37', '2024-12-10 14:31:37'),
(178, 7, 79, '2024-12-10 14:31:37', '2024-12-10 14:31:37'),
(179, 7, 103, '2024-12-10 14:31:37', '2024-12-10 14:31:37'),
(180, 7, 119, '2024-12-10 14:31:37', '2024-12-10 14:31:37'),
(181, 7, 122, '2024-12-10 14:31:37', '2024-12-10 14:31:37'),
(182, 7, 147, '2024-12-10 14:31:37', '2024-12-10 14:31:37'),
(183, 7, 158, '2024-12-10 14:31:37', '2024-12-10 14:31:37'),
(184, 7, 171, '2024-12-10 14:31:37', '2024-12-10 14:31:37'),
(185, 7, 179, '2024-12-10 14:31:37', '2024-12-10 14:31:37'),
(186, 7, 185, '2024-12-10 14:31:37', '2024-12-10 14:31:37'),
(187, 7, 189, '2024-12-10 14:31:37', '2024-12-10 14:31:37'),
(188, 7, 202, '2024-12-10 14:31:37', '2024-12-10 14:31:37'),
(189, 7, 203, '2024-12-10 14:31:37', '2024-12-10 14:31:37'),
(190, 7, 205, '2024-12-10 14:31:37', '2024-12-10 14:31:37'),
(191, 7, 234, '2024-12-10 14:31:37', '2024-12-10 14:31:37'),
(192, 7, 246, '2024-12-10 14:31:37', '2024-12-10 14:31:37'),
(193, 7, 265, '2024-12-10 14:31:37', '2024-12-10 14:31:37'),
(194, 7, 54, '2024-12-10 14:34:55', '2024-12-10 14:34:55'),
(195, 7, 112, '2024-12-10 14:34:55', '2024-12-10 14:34:55'),
(196, 7, 133, '2024-12-10 14:34:55', '2024-12-10 14:34:55'),
(197, 7, 169, '2024-12-10 14:34:55', '2024-12-10 14:34:55'),
(198, 7, 175, '2024-12-10 14:34:55', '2024-12-10 14:34:55'),
(200, 7, 178, '2024-12-10 14:34:55', '2024-12-10 14:34:55'),
(201, 7, 242, '2024-12-10 14:34:55', '2024-12-10 14:34:55'),
(202, 7, 258, '2024-12-10 14:34:55', '2024-12-10 14:34:55'),
(203, 7, 249, '2024-12-10 14:39:33', '2024-12-10 14:39:33'),
(204, 6, 125, '2024-12-10 14:42:53', '2024-12-10 14:42:53'),
(205, 5, 64, '2024-12-10 14:54:40', '2024-12-10 14:54:40'),
(206, 6, 220, '2024-12-10 15:03:58', '2024-12-10 15:03:58'),
(207, 7, 104, '2024-12-10 15:14:19', '2024-12-10 15:14:19'),
(208, 10, 176, '2024-12-10 15:24:31', '2024-12-10 15:24:31'),
(209, 10, 149, '2024-12-10 15:29:19', '2024-12-10 15:29:19'),
(210, 10, 101, '2024-12-10 15:31:15', '2024-12-10 15:31:15'),
(211, 5, 108, '2024-12-11 10:41:05', '2024-12-11 10:41:05'),
(212, 5, 59, '2024-12-11 10:46:46', '2024-12-11 10:46:46'),
(213, 5, 95, '2024-12-11 10:46:46', '2024-12-11 10:46:46'),
(214, 5, 184, '2024-12-11 10:46:46', '2024-12-11 10:46:46'),
(215, 5, 211, '2024-12-11 10:46:46', '2024-12-11 10:46:46'),
(216, 5, 219, '2024-12-11 10:46:46', '2024-12-11 10:46:46'),
(217, 5, 262, '2024-12-11 10:46:46', '2024-12-11 10:46:46'),
(218, 10, 230, '2024-12-11 10:48:49', '2024-12-11 10:48:49'),
(219, 10, 231, '2024-12-11 10:48:49', '2024-12-11 10:48:49'),
(220, 10, 229, '2024-12-11 10:49:28', '2024-12-11 10:49:28'),
(221, 6, 107, '2024-12-11 11:45:51', '2024-12-11 11:45:51'),
(222, 7, 143, '2024-12-11 11:49:51', '2024-12-11 11:49:51'),
(223, 7, 248, '2024-12-11 11:49:51', '2024-12-11 11:49:51'),
(224, 10, 244, '2024-12-11 11:51:15', '2024-12-11 11:51:15'),
(225, 7, 195, '2024-12-11 11:54:16', '2024-12-11 11:54:16'),
(227, 7, 102, '2024-12-11 11:56:20', '2024-12-11 11:56:20'),
(228, 5, 80, '2024-12-11 12:01:09', '2024-12-11 12:01:09'),
(229, 5, 140, '2024-12-11 12:01:09', '2024-12-11 12:01:09'),
(230, 10, 243, '2024-12-11 12:02:53', '2024-12-11 12:02:53'),
(231, 8, 250, '2024-12-11 12:03:30', '2024-12-11 12:03:30'),
(232, 10, 260, '2024-12-11 12:05:01', '2024-12-11 12:05:01'),
(233, 10, 261, '2024-12-11 12:05:01', '2024-12-11 12:05:01'),
(234, 9, 36, '2024-12-11 12:08:13', '2024-12-11 12:08:13'),
(235, 8, 114, '2024-12-11 12:09:32', '2024-12-11 12:09:32'),
(236, 10, 199, '2024-12-11 12:13:30', '2024-12-11 12:13:30'),
(237, 7, 177, '2024-12-11 12:16:26', '2024-12-11 12:16:26'),
(238, 7, 187, '2024-12-11 12:16:26', '2024-12-11 12:16:26'),
(239, 5, 67, '2024-12-11 12:22:44', '2024-12-11 12:22:44'),
(240, 8, 71, '2024-12-11 12:25:49', '2024-12-11 12:25:49'),
(241, 10, 72, '2024-12-11 12:26:57', '2024-12-11 12:26:57'),
(242, 10, 263, '2024-12-11 12:28:41', '2024-12-11 12:28:41'),
(244, 5, 85, '2024-12-11 12:43:06', '2024-12-11 12:43:06'),
(245, 5, 116, '2024-12-11 12:43:06', '2024-12-11 12:43:06'),
(246, 5, 117, '2024-12-11 12:43:06', '2024-12-11 12:43:06'),
(247, 5, 225, '2024-12-11 12:43:06', '2024-12-11 12:43:06'),
(248, 5, 170, '2024-12-11 12:44:28', '2024-12-11 12:44:28'),
(249, 11, 49, '2024-12-11 14:13:09', '2024-12-11 14:13:09'),
(250, 11, 51, '2024-12-11 14:13:09', '2024-12-11 14:13:09'),
(251, 11, 55, '2024-12-11 14:13:09', '2024-12-11 14:13:09'),
(252, 11, 56, '2024-12-11 14:13:09', '2024-12-11 14:13:09'),
(253, 11, 65, '2024-12-11 14:13:09', '2024-12-11 14:13:09'),
(254, 11, 66, '2024-12-11 14:13:09', '2024-12-11 14:13:09'),
(255, 11, 70, '2024-12-11 14:13:09', '2024-12-11 14:13:09'),
(256, 11, 73, '2024-12-11 14:13:09', '2024-12-11 14:13:09'),
(257, 11, 118, '2024-12-11 14:13:09', '2024-12-11 14:13:09'),
(258, 11, 123, '2024-12-11 14:13:09', '2024-12-11 14:13:09'),
(259, 11, 146, '2024-12-11 14:13:09', '2024-12-11 14:13:09'),
(260, 11, 164, '2024-12-11 14:13:09', '2024-12-11 14:13:09'),
(261, 11, 221, '2024-12-11 14:13:09', '2024-12-11 14:13:09'),
(262, 11, 227, '2024-12-11 14:13:09', '2024-12-11 14:13:09'),
(263, 11, 255, '2024-12-11 14:13:09', '2024-12-11 14:13:09'),
(264, 11, 256, '2024-12-11 14:13:09', '2024-12-11 14:13:09'),
(265, 11, 257, '2024-12-11 14:13:09', '2024-12-11 14:13:09'),
(266, 11, 264, '2024-12-11 14:13:09', '2024-12-11 14:13:09'),
(267, 11, 62, '2024-12-11 14:16:32', '2024-12-11 14:16:32'),
(268, 11, 96, '2024-12-11 14:16:32', '2024-12-11 14:16:32'),
(269, 11, 163, '2024-12-11 14:16:32', '2024-12-11 14:16:32'),
(270, 11, 168, '2024-12-11 14:16:32', '2024-12-11 14:16:32'),
(271, 11, 216, '2024-12-11 14:16:32', '2024-12-11 14:16:32'),
(272, 11, 197, '2024-12-11 14:21:03', '2024-12-11 14:21:03'),
(273, 11, 223, '2024-12-11 14:21:03', '2024-12-11 14:21:03'),
(276, 10, 144, '2024-12-16 06:02:56', '2024-12-16 06:02:56'),
(277, 10, 145, '2024-12-16 06:02:56', '2024-12-16 06:02:56'),
(278, 10, 245, '2024-12-16 06:02:56', '2024-12-16 06:02:56'),
(279, 6, 30, '2024-12-16 06:13:13', '2024-12-16 06:13:13'),
(281, 10, 93, '2024-12-27 18:53:53', '2024-12-27 18:53:53'),
(282, 10, 94, '2024-12-27 18:53:53', '2024-12-27 18:53:53'),
(283, 5, 190, '2024-12-27 18:54:18', '2024-12-27 18:54:18');

-- --------------------------------------------------------

--
-- Table structure for table `migrations`
--

CREATE TABLE `migrations` (
  `id` int(10) UNSIGNED NOT NULL,
  `migration` varchar(255) NOT NULL,
  `batch` int(11) NOT NULL
) ENGINE=InnoDB DEFAULT CHARSET=utf8mb4 COLLATE=utf8mb4_unicode_ci;

--
-- Dumping data for table `migrations`
--

INSERT INTO `migrations` (`id`, `migration`, `batch`) VALUES
(2, '2014_10_12_100000_create_password_reset_tokens_table', 1),
(3, '2019_08_19_000000_create_failed_jobs_table', 1),
(4, '2019_12_14_000001_create_personal_access_tokens_table', 1),
(5, '2024_12_02_170740_create_members_table', 2),
(6, '2014_10_12_000000_create_users_table', 3),
(8, '2024_12_03_161708_create_khedmots_table', 4),
(9, '2024_12_04_160246_create_permission_tables', 5),
(10, '2024_12_05_175728_create_member_assigns_table', 6),
(11, '2024_12_06_051559_create_user_logs', 7);

-- --------------------------------------------------------

--
-- Table structure for table `model_has_permissions`
--

CREATE TABLE `model_has_permissions` (
  `permission_id` bigint(20) UNSIGNED NOT NULL,
  `model_type` varchar(255) NOT NULL,
  `model_id` bigint(20) UNSIGNED NOT NULL
) ENGINE=InnoDB DEFAULT CHARSET=utf8mb4 COLLATE=utf8mb4_unicode_ci;

-- --------------------------------------------------------

--
-- Table structure for table `model_has_roles`
--

CREATE TABLE `model_has_roles` (
  `role_id` bigint(20) UNSIGNED NOT NULL,
  `model_type` varchar(255) NOT NULL,
  `model_id` bigint(20) UNSIGNED NOT NULL
) ENGINE=InnoDB DEFAULT CHARSET=utf8mb4 COLLATE=utf8mb4_unicode_ci;

--
-- Dumping data for table `model_has_roles`
--

INSERT INTO `model_has_roles` (`role_id`, `model_type`, `model_id`) VALUES
(1, 'App\\Models\\User', 1),
(2, 'App\\Models\\User', 2),
(2, 'App\\Models\\User', 3),
(2, 'App\\Models\\User', 4),
(3, 'App\\Models\\User', 5),
(3, 'App\\Models\\User', 6),
(3, 'App\\Models\\User', 7),
(3, 'App\\Models\\User', 8),
(3, 'App\\Models\\User', 9),
(3, 'App\\Models\\User', 10),
(3, 'App\\Models\\User', 11),
(3, 'App\\Models\\User', 12),
(3, 'App\\Models\\User', 13),
(3, 'App\\Models\\User', 14),
(3, 'App\\Models\\User', 15);

-- --------------------------------------------------------

--
-- Table structure for table `password_reset_tokens`
--

CREATE TABLE `password_reset_tokens` (
  `email` varchar(255) NOT NULL,
  `token` varchar(255) NOT NULL,
  `created_at` timestamp NULL DEFAULT NULL
) ENGINE=InnoDB DEFAULT CHARSET=utf8mb4 COLLATE=utf8mb4_unicode_ci;

-- --------------------------------------------------------

--
-- Table structure for table `pays`
--

CREATE TABLE `pays` (
  `id` bigint(20) UNSIGNED NOT NULL,
  `paid_by` bigint(20) UNSIGNED NOT NULL,
  `paid_at` timestamp NULL DEFAULT NULL,
  `date` date NOT NULL,
  `pay_to` varchar(255) NOT NULL,
  `khedmot_amount` decimal(10,2) DEFAULT NULL,
  `manat_amount` decimal(10,2) DEFAULT NULL,
  `kalyan_amount` decimal(10,2) DEFAULT NULL,
  `rent_amount` decimal(10,2) DEFAULT NULL,
  `total_paid` decimal(10,2) NOT NULL,
  `left_amount` decimal(10,2) NOT NULL,
  `comment` varchar(255) DEFAULT NULL,
  `payment_status` enum('pending','paid','cancelled') NOT NULL DEFAULT 'paid',
  `created_at` timestamp NULL DEFAULT NULL,
  `updated_at` timestamp NULL DEFAULT NULL
) ENGINE=InnoDB DEFAULT CHARSET=utf8mb4 COLLATE=utf8mb4_unicode_ci;

-- --------------------------------------------------------

--
-- Table structure for table `permissions`
--

CREATE TABLE `permissions` (
  `id` bigint(20) UNSIGNED NOT NULL,
  `name` varchar(255) NOT NULL,
  `guard_name` varchar(255) NOT NULL,
  `created_at` timestamp NULL DEFAULT NULL,
  `updated_at` timestamp NULL DEFAULT NULL
) ENGINE=InnoDB DEFAULT CHARSET=utf8mb4 COLLATE=utf8mb4_unicode_ci;

--
-- Dumping data for table `permissions`
--

INSERT INTO `permissions` (`id`, `name`, `guard_name`, `created_at`, `updated_at`) VALUES
(1, 'create member', 'web', '2024-12-05 09:08:13', '2024-12-05 09:45:57'),
(2, 'update member', 'web', '2024-12-05 09:10:55', '2024-12-05 10:01:05'),
(3, 'delete member', 'web', '2024-12-05 09:11:05', '2024-12-05 09:11:05'),
(4, 'view member', 'web', '2024-12-05 09:11:14', '2024-12-05 09:11:14'),
(5, 'create khedmot', 'web', '2024-12-05 09:11:28', '2024-12-05 10:05:49'),
(6, 'update khedmot', 'web', '2024-12-05 09:11:39', '2024-12-05 10:05:56'),
(7, 'delete khedmot', 'web', '2024-12-05 09:12:18', '2024-12-05 09:12:18'),
(8, 'view khedmot', 'web', '2024-12-05 09:12:26', '2024-12-05 09:12:26'),
(9, 'create user', 'web', '2024-12-05 09:12:34', '2024-12-05 10:06:13'),
(10, 'update user', 'web', '2024-12-05 09:12:39', '2024-12-05 10:06:25'),
(11, 'delete user', 'web', '2024-12-05 09:12:49', '2024-12-05 09:12:49'),
(12, 'view user', 'web', '2024-12-05 09:13:00', '2024-12-05 09:13:00'),
(13, 'create role', 'web', '2024-12-05 11:23:58', '2024-12-05 11:23:58'),
(14, 'update role', 'web', '2024-12-05 11:24:04', '2024-12-05 11:24:04'),
(15, 'delete role', 'web', '2024-12-05 11:24:10', '2024-12-05 11:24:10'),
(16, 'view role', 'web', '2024-12-05 11:24:15', '2024-12-05 11:24:15'),
(17, 'create permission', 'web', '2024-12-05 11:24:25', '2024-12-05 11:24:25'),
(18, 'update permission', 'web', '2024-12-05 11:24:32', '2024-12-05 11:24:32'),
(19, 'delete permission', 'web', '2024-12-05 11:24:44', '2024-12-05 11:24:44'),
(20, 'view permission', 'web', '2024-12-05 11:24:58', '2024-12-05 11:24:58'),
(21, 'show member', 'web', '2024-12-06 05:29:53', '2024-12-06 05:29:53'),
(22, 'show khedmot', 'web', '2024-12-06 05:30:08', '2024-12-06 05:30:08'),
(23, 'show user', 'web', '2024-12-06 05:30:26', '2024-12-06 05:30:26'),
(24, 'assign member', 'web', '2024-12-09 02:17:35', '2024-12-09 02:17:35'),
(25, 'create fund-collection', 'web', '2024-12-17 11:59:33', '2024-12-17 11:59:33'),
(26, 'update fund-collection', 'web', '2024-12-17 11:59:39', '2024-12-17 11:59:39'),
(27, 'view fund-collection', 'web', '2024-12-17 11:59:46', '2024-12-17 11:59:46');

-- --------------------------------------------------------

--
-- Table structure for table `personal_access_tokens`
--

CREATE TABLE `personal_access_tokens` (
  `id` bigint(20) UNSIGNED NOT NULL,
  `tokenable_type` varchar(255) NOT NULL,
  `tokenable_id` bigint(20) UNSIGNED NOT NULL,
  `name` varchar(255) NOT NULL,
  `token` varchar(64) NOT NULL,
  `abilities` text DEFAULT NULL,
  `last_used_at` timestamp NULL DEFAULT NULL,
  `expires_at` timestamp NULL DEFAULT NULL,
  `created_at` timestamp NULL DEFAULT NULL,
  `updated_at` timestamp NULL DEFAULT NULL
) ENGINE=InnoDB DEFAULT CHARSET=utf8mb4 COLLATE=utf8mb4_unicode_ci;

-- --------------------------------------------------------

--
-- Table structure for table `receives`
--

CREATE TABLE `receives` (
  `id` bigint(20) UNSIGNED NOT NULL,
  `date` date NOT NULL,
  `program_name` varchar(255) NOT NULL,
  `members` varchar(255) DEFAULT NULL,
  `other_program_name` varchar(255) DEFAULT NULL,
  `khedmot_amount` decimal(10,2) NOT NULL DEFAULT 0.00,
  `manat_amount` decimal(10,2) NOT NULL DEFAULT 0.00,
  `kollan_amount` decimal(10,2) NOT NULL DEFAULT 0.00,
  `rent_amount` decimal(10,2) NOT NULL DEFAULT 0.00,
  `total_amount` decimal(10,2) NOT NULL DEFAULT 0.00,
  `status` enum('pending','collected','canceled') NOT NULL DEFAULT 'pending',
  `comment` varchar(255) DEFAULT NULL,
  `submitted_by` bigint(20) UNSIGNED DEFAULT NULL,
  `collected_by` bigint(20) UNSIGNED DEFAULT NULL,
  `canceled_by` bigint(20) UNSIGNED DEFAULT NULL,
  `collected_at` timestamp NULL DEFAULT NULL,
  `canceled_at` timestamp NULL DEFAULT NULL,
  `submitted_at` timestamp NULL DEFAULT NULL,
  `created_at` timestamp NULL DEFAULT NULL,
  `updated_at` timestamp NULL DEFAULT NULL
) ENGINE=InnoDB DEFAULT CHARSET=utf8mb4 COLLATE=utf8mb4_unicode_ci;

-- --------------------------------------------------------

--
-- Table structure for table `roles`
--

CREATE TABLE `roles` (
  `id` bigint(20) UNSIGNED NOT NULL,
  `name` varchar(255) NOT NULL,
  `guard_name` varchar(255) NOT NULL,
  `created_at` timestamp NULL DEFAULT NULL,
  `updated_at` timestamp NULL DEFAULT NULL
) ENGINE=InnoDB DEFAULT CHARSET=utf8mb4 COLLATE=utf8mb4_unicode_ci;

--
-- Dumping data for table `roles`
--

INSERT INTO `roles` (`id`, `name`, `guard_name`, `created_at`, `updated_at`) VALUES
(1, 'Super Admin', 'web', '2024-12-04 12:24:54', '2024-12-05 10:09:50'),
(2, 'Admin', 'web', '2024-12-05 10:06:53', '2024-12-05 10:10:19'),
(3, 'User', 'web', '2024-12-05 10:06:59', '2024-12-05 10:10:29');

-- --------------------------------------------------------

--
-- Table structure for table `role_has_permissions`
--

CREATE TABLE `role_has_permissions` (
  `permission_id` bigint(20) UNSIGNED NOT NULL,
  `role_id` bigint(20) UNSIGNED NOT NULL
) ENGINE=InnoDB DEFAULT CHARSET=utf8mb4 COLLATE=utf8mb4_unicode_ci;

--
-- Dumping data for table `role_has_permissions`
--

INSERT INTO `role_has_permissions` (`permission_id`, `role_id`) VALUES
(1, 1),
(1, 2),
(1, 3),
(2, 1),
(2, 2),
(2, 3),
(3, 1),
(3, 2),
(4, 1),
(4, 2),
(4, 3),
(5, 1),
(5, 2),
(5, 3),
(6, 1),
(6, 2),
(6, 3),
(7, 1),
(7, 2),
(8, 1),
(8, 2),
(8, 3),
(9, 1),
(9, 2),
(10, 1),
(10, 2),
(11, 1),
(11, 2),
(12, 1),
(12, 2),
(13, 1),
(14, 1),
(15, 1),
(16, 1),
(17, 1),
(18, 1),
(19, 1),
(20, 1),
(21, 1),
(21, 2),
(21, 3),
(22, 1),
(22, 2),
(22, 3),
(23, 1),
(23, 2),
(24, 2),
(25, 2),
(25, 3),
(26, 2),
(27, 2),
(27, 3);

-- --------------------------------------------------------

--
-- Table structure for table `users`
--

CREATE TABLE `users` (
  `id` bigint(20) UNSIGNED NOT NULL,
  `name` varchar(255) NOT NULL,
  `username` varchar(255) NOT NULL,
  `email` varchar(255) DEFAULT NULL,
  `email_verified_at` timestamp NULL DEFAULT NULL,
  `password` varchar(255) NOT NULL,
  `address` longtext DEFAULT NULL,
  `phone` varchar(255) DEFAULT NULL,
  `bloodType` varchar(255) DEFAULT NULL,
  `status` tinyint(1) NOT NULL DEFAULT 1,
  `remember_token` varchar(100) DEFAULT NULL,
  `created_at` timestamp NULL DEFAULT NULL,
  `updated_at` timestamp NULL DEFAULT NULL
) ENGINE=InnoDB DEFAULT CHARSET=utf8mb4 COLLATE=utf8mb4_unicode_ci;

--
-- Dumping data for table `users`
--

INSERT INTO `users` (`id`, `name`, `username`, `email`, `email_verified_at`, `password`, `address`, `phone`, `bloodType`, `status`, `remember_token`, `created_at`, `updated_at`) VALUES
(1, 'Super Admin', 'superadmin', 'superadmin@mail.com', '2024-12-02 20:45:14', '$2y$10$Y7KiJDbJ4yrjFiK3TCXccuFm6WTdETkeHsILfQCbSKJig0.V1B2Vm', NULL, '111111', NULL, 1, 'gxUxBCRH7kwhYcsyhrKAWbXEUo72Dc7a0lYr7FFBs4jatx1L3ZlnagusyZJ7', '2024-12-02 20:45:14', '2024-12-20 10:12:01'),
(2, 'Md Arif Hossen', 'arif', 'arifhossen853@gmail.com', NULL, '$2y$10$SQAkYRWQE/3.owDSKY2cluhrJRqBzs9TTKsbkvNOY1RVuU2aF1wG6', '1/86 East Rasulpur, Jatrabari, Dhaka.', '01601958560', 'O+', 1, 'iLxAsdHbSq2OfS5eNwjMFGTqWP2tN812z3Recsvo0KwuhEyu1qUF428rYmsj', '2024-12-03 07:51:17', '2024-12-31 23:21:19'),
(3, 'Mahbubur Rahman Sohel', 'sohel', 'sohelrana76@icloud.com', NULL, '$2y$10$0p.ZBWAUguh0BppwHv3.juWmLf6A3gXGKbZfprQ3GIl9FkW/iyeWe', '1/86 East Rasulpur, Jatrabari, Dhaka.', '01749898798', 'O+Ve(N)', 1, 'Gvu034vgEBYyNk36zUddM3r9MxUokHnQggd0nRdIzG1FIHcd1R6Tlkjbily8', '2024-12-06 05:13:11', '2024-12-11 10:33:49'),
(4, 'Md Imtiaz Ahmed Milon', 'milon', NULL, NULL, '$2y$10$030r4kxyn5N.1ic33Fj.A.8ygG6hVmQwXF.j7dx50mYRI/dMLzZSO', NULL, '018 6111 7201', 'O-', 1, 'BgYnDjaapxxc0txNMVB9VF71xCvG6DHjn3xsCTlFPb85qrdTN3ppGJvyYmhI', '2024-12-06 05:39:03', '2024-12-21 18:49:02'),
(5, 'Md Palash Hossain', 'palash', 'mdpalash7767@gmail.com', NULL, '$2y$10$nMfh5EvrW2a3RZKlZ5pvWuGcwXBlavOozmDEkPZ15udM6ars4IwAe', 'Daxin kutubkhali,jatrabari,Dhaka', '01950487767', 'AB+', 1, 'KZGHlXgvwzKM61fSSxku1FckNFKXsvXwZxGEHoawILUgYKpsowkDsmBZ3vKO', '2024-12-06 06:52:09', '2024-12-21 18:53:30'),
(6, 'Md Ruhul Amin Nishat', 'nishat', 'ruhulaminnishat2003@gmail.com', NULL, '$2y$10$aovX0DcphQCAonkp9aXbHOMUbCWaS6vu3ECcu2Vc0N3U8Gzz6bAuO', NULL, '01933693500', NULL, 1, '8jCxLqtsl1BiB26PiDyxOFYtBnxeMFU5q6NAdHnAmCcpIa2zPdAG94Xt1aeB', '2024-12-06 06:52:44', '2024-12-16 06:16:20'),
(7, 'Jahid Hassan Nayeem', 'nayeem', 'nayemjahid234@gmail.com', NULL, '$2y$10$U4HxywAWfEVvaQciUsQR/uMwjUotxGupeCt3A0h1IXsARErHsPl5m', NULL, '01925142901', NULL, 1, 'DZFxcbBzymAEMUc337dI8LDJjoCO5LwnWVgFi5VSi4WWqEZHW7IbX6O21Ijg', '2024-12-06 06:53:17', '2024-12-10 23:53:27'),
(8, 'Golam Sarwar', 'sarwar', 'mdsarowernoyon@gmail.com', NULL, '$2y$10$Xt1gwcHW/kNBwtzJz.bVmeKDBMaLS5XoOBih2T8OtRgSU8QNbLV46', 'Daxin Kutubkhali,jatrabari,Dhaka', '01988624594', 'A+ve', 1, 'CzSQIt6RoP87FNtq30FnyNlfd110o1RS6Ykfz2eYarroXPL8hF9goguWo3ES', '2024-12-06 06:53:49', '2024-12-21 18:54:29'),
(9, 'Miraj hossain lekhon', 'lekhon', NULL, NULL, '$2y$10$NoeceuXJb0dwz4ZDbxAAC.HeJeMOYmamQ9ij9tI8KLCVDvf0dqJ/i', NULL, '01613667303', NULL, 1, 'JITbHFWEd10CZr9dd5yCQWSsOADgxJqEyHsc4JYuwiqsTelZR6TvJoWnVuJF', '2024-12-10 11:09:04', '2024-12-10 23:51:41'),
(10, 'A. Al Imran Rasel', 'Rasel', 'imranhossain2499@gmail.com', NULL, '$2y$10$it5LHQDgS0hvg.p/HdDebO9B3LRqhkwjY1ojkAwnR30WmMAxXTpR2', '130, South kutubkhali, Sultania, bosibar ishthan', '01916421999', 'A+ve', 1, 'XHwlRUDLJvsSpelXSecAZG4rRuEbPHA4IkBmKdImXs42L9yTosbknvFcH8In', '2024-12-10 11:17:15', '2024-12-21 17:35:12'),
(11, 'Miraz Hassan Preo', 'Preo', 'mirajvai123no@gmail.com', NULL, '$2y$10$nNhgYod9IMYz6B5U2MF1O.C0PTM7DaF5LhL.0jQPZpZS6zPdfq3vG', NULL, '01772368682', NULL, 1, '1S6HZ3fC9vm6DOz8XQ7xrWz7UC8vS1w69COktQIjwZNAkPjy4tu8V0vcspcy', '2024-12-11 14:06:26', '2024-12-16 08:23:44');

-- --------------------------------------------------------

--
-- Table structure for table `user_logs`
--

CREATE TABLE `user_logs` (
  `id` bigint(20) UNSIGNED NOT NULL,
  `user_id` bigint(20) UNSIGNED NOT NULL,
  `last_login_at` timestamp NOT NULL DEFAULT current_timestamp() ON UPDATE current_timestamp(),
  `last_login_ip` varchar(255) NOT NULL,
  `created_at` timestamp NULL DEFAULT NULL,
  `updated_at` timestamp NULL DEFAULT NULL
) ENGINE=InnoDB DEFAULT CHARSET=utf8mb4 COLLATE=utf8mb4_unicode_ci;

--
-- Dumping data for table `user_logs`
--

INSERT INTO `user_logs` (`id`, `user_id`, `last_login_at`, `last_login_ip`, `created_at`, `updated_at`) VALUES
(1, 1, '2024-12-06 05:10:56', '103.154.49.67', '2024-12-06 05:10:56', '2024-12-06 05:10:56'),
(2, 3, '2024-12-06 05:18:49', '103.154.49.67', '2024-12-06 05:18:49', '2024-12-06 05:18:49'),
(3, 2, '2024-12-06 05:19:44', '103.154.49.67', '2024-12-06 05:19:44', '2024-12-06 05:19:44'),
(4, 1, '2024-12-06 05:29:26', '103.154.49.65', '2024-12-06 05:29:26', '2024-12-06 05:29:26'),
(5, 3, '2024-12-06 05:32:48', '103.154.49.65', '2024-12-06 05:32:48', '2024-12-06 05:32:48'),
(6, 1, '2024-12-06 05:37:37', '103.154.49.65', '2024-12-06 05:37:37', '2024-12-06 05:37:37'),
(7, 4, '2024-12-06 05:39:42', '103.154.49.65', '2024-12-06 05:39:42', '2024-12-06 05:39:42'),
(8, 3, '2024-12-06 05:45:22', '103.154.49.67', '2024-12-06 05:45:22', '2024-12-06 05:45:22'),
(9, 8, '2024-12-06 06:54:35', '103.154.49.67', '2024-12-06 06:54:35', '2024-12-06 06:54:35'),
(10, 1, '2024-12-06 07:07:16', '103.154.49.67', '2024-12-06 07:07:16', '2024-12-06 07:07:16'),
(11, 1, '2024-12-06 08:54:45', '103.154.49.67', '2024-12-06 08:54:45', '2024-12-06 08:54:45'),
(12, 1, '2024-12-06 09:09:48', '103.184.25.23', '2024-12-06 09:09:48', '2024-12-06 09:09:48'),
(13, 1, '2024-12-06 09:22:47', '103.184.25.23', '2024-12-06 09:22:47', '2024-12-06 09:22:47'),
(14, 7, '2024-12-06 09:35:48', '103.184.25.23', '2024-12-06 09:35:48', '2024-12-06 09:35:48'),
(15, 6, '2024-12-06 16:27:01', '103.126.218.163', '2024-12-06 16:27:01', '2024-12-06 16:27:01'),
(16, 7, '2024-12-06 17:06:02', '59.152.5.9', '2024-12-06 17:06:02', '2024-12-06 17:06:02'),
(17, 5, '2024-12-07 04:48:45', '103.140.86.97', '2024-12-07 04:48:45', '2024-12-07 04:48:45'),
(18, 3, '2024-12-07 06:10:35', '103.154.49.67', '2024-12-07 06:10:35', '2024-12-07 06:10:35'),
(19, 8, '2024-12-07 06:43:09', '103.184.25.23', '2024-12-07 06:43:09', '2024-12-07 06:43:09'),
(20, 4, '2024-12-07 06:50:47', '103.184.25.23', '2024-12-07 06:50:47', '2024-12-07 06:50:47'),
(21, 8, '2024-12-07 06:59:16', '103.154.49.67', '2024-12-07 06:59:16', '2024-12-07 06:59:16'),
(22, 1, '2024-12-07 07:27:26', '103.184.25.23', '2024-12-07 07:27:26', '2024-12-07 07:27:26'),
(23, 1, '2024-12-07 07:28:42', '103.184.25.23', '2024-12-07 07:28:42', '2024-12-07 07:28:42'),
(24, 1, '2024-12-07 07:51:01', '103.184.25.23', '2024-12-07 07:51:01', '2024-12-07 07:51:01'),
(25, 1, '2024-12-07 07:51:59', '103.184.25.23', '2024-12-07 07:51:59', '2024-12-07 07:51:59'),
(26, 3, '2024-12-07 07:55:04', '103.184.25.23', '2024-12-07 07:55:04', '2024-12-07 07:55:04'),
(27, 2, '2024-12-07 07:59:43', '103.184.25.23', '2024-12-07 07:59:43', '2024-12-07 07:59:43'),
(28, 1, '2024-12-07 08:00:54', '103.184.25.23', '2024-12-07 08:00:54', '2024-12-07 08:00:54'),
(29, 6, '2024-12-07 08:37:30', '103.184.25.23', '2024-12-07 08:37:30', '2024-12-07 08:37:30'),
(30, 1, '2024-12-07 09:29:15', '103.154.49.67', '2024-12-07 09:29:15', '2024-12-07 09:29:15'),
(31, 2, '2024-12-07 09:33:04', '103.154.49.67', '2024-12-07 09:33:04', '2024-12-07 09:33:04'),
(32, 2, '2024-12-07 09:36:13', '103.154.49.67', '2024-12-07 09:36:13', '2024-12-07 09:36:13'),
(33, 1, '2024-12-07 09:38:02', '103.154.49.67', '2024-12-07 09:38:02', '2024-12-07 09:38:02'),
(34, 8, '2024-12-07 09:40:36', '103.154.49.67', '2024-12-07 09:40:36', '2024-12-07 09:40:36'),
(35, 8, '2024-12-07 09:42:52', '103.154.49.67', '2024-12-07 09:42:52', '2024-12-07 09:42:52'),
(36, 1, '2024-12-07 09:43:07', '103.154.49.67', '2024-12-07 09:43:07', '2024-12-07 09:43:07'),
(37, 2, '2024-12-07 09:46:32', '103.154.49.67', '2024-12-07 09:46:32', '2024-12-07 09:46:32'),
(38, 2, '2024-12-07 09:53:16', '103.154.49.67', '2024-12-07 09:53:16', '2024-12-07 09:53:16'),
(39, 1, '2024-12-07 09:58:22', '103.154.49.67', '2024-12-07 09:58:22', '2024-12-07 09:58:22'),
(40, 3, '2024-12-07 11:35:39', '103.154.49.67', '2024-12-07 11:35:39', '2024-12-07 11:35:39'),
(41, 3, '2024-12-07 11:35:39', '103.154.49.67', '2024-12-07 11:35:39', '2024-12-07 11:35:39'),
(42, 1, '2024-12-07 11:37:05', '103.154.49.67', '2024-12-07 11:37:05', '2024-12-07 11:37:05'),
(43, 5, '2024-12-07 12:46:34', '59.153.102.42', '2024-12-07 12:46:34', '2024-12-07 12:46:34'),
(44, 4, '2024-12-07 12:52:28', '59.153.102.42', '2024-12-07 12:52:28', '2024-12-07 12:52:28'),
(45, 3, '2024-12-07 13:07:13', '37.111.217.104', '2024-12-07 13:07:13', '2024-12-07 13:07:13'),
(46, 1, '2024-12-07 13:11:28', '37.111.217.104', '2024-12-07 13:11:28', '2024-12-07 13:11:28'),
(47, 3, '2024-12-07 13:21:37', '37.111.217.104', '2024-12-07 13:21:37', '2024-12-07 13:21:37'),
(48, 1, '2024-12-07 13:39:52', '37.111.217.104', '2024-12-07 13:39:52', '2024-12-07 13:39:52'),
(49, 3, '2024-12-07 13:48:59', '37.111.217.104', '2024-12-07 13:48:59', '2024-12-07 13:48:59'),
(50, 8, '2024-12-07 13:50:39', '116.206.91.115', '2024-12-07 13:50:39', '2024-12-07 13:50:39'),
(51, 1, '2024-12-07 15:26:45', '103.154.49.67', '2024-12-07 15:26:45', '2024-12-07 15:26:45'),
(52, 3, '2024-12-07 22:54:05', '103.154.49.67', '2024-12-07 22:54:05', '2024-12-07 22:54:05'),
(53, 1, '2024-12-07 23:02:07', '103.154.49.67', '2024-12-07 23:02:07', '2024-12-07 23:02:07'),
(54, 3, '2024-12-07 23:10:10', '103.154.49.67', '2024-12-07 23:10:10', '2024-12-07 23:10:10'),
(55, 1, '2024-12-07 23:16:07', '103.154.49.67', '2024-12-07 23:16:07', '2024-12-07 23:16:07'),
(56, 3, '2024-12-08 00:39:12', '103.154.49.67', '2024-12-08 00:39:12', '2024-12-08 00:39:12'),
(57, 1, '2024-12-08 02:03:40', '103.154.49.67', '2024-12-08 02:03:40', '2024-12-08 02:03:40'),
(58, 3, '2024-12-08 02:09:46', '103.154.49.67', '2024-12-08 02:09:46', '2024-12-08 02:09:46'),
(59, 2, '2024-12-08 02:18:32', '103.154.49.67', '2024-12-08 02:18:32', '2024-12-08 02:18:32'),
(60, 2, '2024-12-08 02:22:06', '103.154.49.67', '2024-12-08 02:22:06', '2024-12-08 02:22:06'),
(61, 1, '2024-12-08 02:37:34', '103.154.49.67', '2024-12-08 02:37:34', '2024-12-08 02:37:34'),
(62, 3, '2024-12-08 02:39:18', '103.154.49.67', '2024-12-08 02:39:18', '2024-12-08 02:39:18'),
(63, 1, '2024-12-08 02:43:39', '103.154.49.67', '2024-12-08 02:43:39', '2024-12-08 02:43:39'),
(64, 3, '2024-12-08 02:45:35', '103.154.49.67', '2024-12-08 02:45:35', '2024-12-08 02:45:35'),
(65, 8, '2024-12-08 02:48:18', '116.206.91.115', '2024-12-08 02:48:18', '2024-12-08 02:48:18'),
(66, 1, '2024-12-08 02:48:55', '103.154.49.67', '2024-12-08 02:48:55', '2024-12-08 02:48:55'),
(67, 4, '2024-12-08 03:33:45', '113.21.229.114', '2024-12-08 03:33:45', '2024-12-08 03:33:45'),
(68, 3, '2024-12-08 04:00:41', '103.154.49.67', '2024-12-08 04:00:41', '2024-12-08 04:00:41'),
(69, 3, '2024-12-08 04:08:46', '103.154.49.67', '2024-12-08 04:08:46', '2024-12-08 04:08:46'),
(70, 4, '2024-12-08 06:23:15', '113.21.229.114', '2024-12-08 06:23:15', '2024-12-08 06:23:15'),
(71, 1, '2024-12-08 07:52:16', '37.111.193.3', '2024-12-08 07:52:16', '2024-12-08 07:52:16'),
(72, 3, '2024-12-08 11:24:21', '103.154.49.67', '2024-12-08 11:24:21', '2024-12-08 11:24:21'),
(73, 4, '2024-12-08 12:22:22', '202.134.8.195', '2024-12-08 12:22:22', '2024-12-08 12:22:22'),
(74, 3, '2024-12-08 12:43:02', '103.154.49.67', '2024-12-08 12:43:02', '2024-12-08 12:43:02'),
(75, 3, '2024-12-08 12:44:17', '103.154.49.67', '2024-12-08 12:44:17', '2024-12-08 12:44:17'),
(76, 1, '2024-12-08 13:08:13', '103.154.49.67', '2024-12-08 13:08:13', '2024-12-08 13:08:13'),
(77, 8, '2024-12-08 13:37:41', '116.206.91.115', '2024-12-08 13:37:41', '2024-12-08 13:37:41'),
(78, 1, '2024-12-08 14:09:01', '103.154.49.67', '2024-12-08 14:09:01', '2024-12-08 14:09:01'),
(79, 1, '2024-12-08 14:12:30', '103.154.49.67', '2024-12-08 14:12:30', '2024-12-08 14:12:30'),
(80, 1, '2024-12-08 14:17:41', '103.154.49.67', '2024-12-08 14:17:41', '2024-12-08 14:17:41'),
(81, 3, '2024-12-08 15:56:10', '103.154.49.67', '2024-12-08 15:56:10', '2024-12-08 15:56:10'),
(82, 1, '2024-12-08 16:01:13', '103.154.49.67', '2024-12-08 16:01:13', '2024-12-08 16:01:13'),
(83, 3, '2024-12-08 16:05:09', '103.154.49.67', '2024-12-08 16:05:09', '2024-12-08 16:05:09'),
(84, 1, '2024-12-08 17:01:44', '103.154.49.67', '2024-12-08 17:01:44', '2024-12-08 17:01:44'),
(85, 7, '2024-12-08 17:02:10', '103.184.25.22', '2024-12-08 17:02:10', '2024-12-08 17:02:10'),
(86, 2, '2024-12-09 01:41:49', '103.154.49.67', '2024-12-09 01:41:49', '2024-12-09 01:41:49'),
(87, 2, '2024-12-09 02:02:06', '103.154.49.67', '2024-12-09 02:02:06', '2024-12-09 02:02:06'),
(88, 2, '2024-12-09 02:03:41', '103.154.49.67', '2024-12-09 02:03:41', '2024-12-09 02:03:41'),
(89, 3, '2024-12-09 02:04:55', '103.154.49.67', '2024-12-09 02:04:55', '2024-12-09 02:04:55'),
(90, 1, '2024-12-09 02:09:40', '103.154.49.67', '2024-12-09 02:09:40', '2024-12-09 02:09:40'),
(91, 8, '2024-12-09 02:16:03', '103.154.49.67', '2024-12-09 02:16:03', '2024-12-09 02:16:03'),
(92, 2, '2024-12-09 02:16:41', '103.154.49.67', '2024-12-09 02:16:41', '2024-12-09 02:16:41'),
(93, 1, '2024-12-09 02:17:20', '103.154.49.67', '2024-12-09 02:17:20', '2024-12-09 02:17:20'),
(94, 2, '2024-12-09 02:17:57', '103.154.49.67', '2024-12-09 02:17:57', '2024-12-09 02:17:57'),
(95, 8, '2024-12-09 04:37:00', '116.206.91.115', '2024-12-09 04:37:00', '2024-12-09 04:37:00'),
(96, 1, '2024-12-09 04:47:47', '37.111.217.93', '2024-12-09 04:47:47', '2024-12-09 04:47:47'),
(97, 3, '2024-12-09 04:55:27', '116.206.91.115', '2024-12-09 04:55:27', '2024-12-09 04:55:27'),
(98, 4, '2024-12-09 07:16:20', '113.21.229.114', '2024-12-09 07:16:20', '2024-12-09 07:16:20'),
(99, 3, '2024-12-09 13:05:22', '103.154.49.67', '2024-12-09 13:05:22', '2024-12-09 13:05:22'),
(100, 4, '2024-12-09 15:08:26', '59.153.102.42', '2024-12-09 15:08:26', '2024-12-09 15:08:26'),
(101, 4, '2024-12-09 15:08:26', '59.153.102.42', '2024-12-09 15:08:26', '2024-12-09 15:08:26'),
(102, 1, '2024-12-09 15:31:31', '37.111.193.177', '2024-12-09 15:31:31', '2024-12-09 15:31:31'),
(103, 3, '2024-12-09 15:33:09', '37.111.193.177', '2024-12-09 15:33:09', '2024-12-09 15:33:09'),
(104, 5, '2024-12-09 15:35:50', '43.245.120.192', '2024-12-09 15:35:50', '2024-12-09 15:35:50'),
(105, 7, '2024-12-09 15:42:57', '37.111.193.177', '2024-12-09 15:42:57', '2024-12-09 15:42:57'),
(106, 7, '2024-12-09 15:45:11', '37.111.193.177', '2024-12-09 15:45:11', '2024-12-09 15:45:11'),
(107, 1, '2024-12-09 15:47:57', '103.154.49.67', '2024-12-09 15:47:57', '2024-12-09 15:47:57'),
(108, 8, '2024-12-09 15:49:13', '103.154.49.67', '2024-12-09 15:49:13', '2024-12-09 15:49:13'),
(109, 2, '2024-12-09 15:50:31', '103.154.49.67', '2024-12-09 15:50:31', '2024-12-09 15:50:31'),
(110, 7, '2024-12-09 15:52:34', '103.154.49.67', '2024-12-09 15:52:34', '2024-12-09 15:52:34'),
(111, 3, '2024-12-09 15:52:35', '37.111.193.177', '2024-12-09 15:52:35', '2024-12-09 15:52:35'),
(112, 4, '2024-12-09 16:36:26', '103.154.49.67', '2024-12-09 16:36:26', '2024-12-09 16:36:26'),
(113, 1, '2024-12-09 16:37:02', '103.154.49.67', '2024-12-09 16:37:02', '2024-12-09 16:37:02'),
(114, 2, '2024-12-09 16:39:27', '103.154.49.67', '2024-12-09 16:39:27', '2024-12-09 16:39:27'),
(115, 7, '2024-12-09 16:53:32', '103.184.25.22', '2024-12-09 16:53:32', '2024-12-09 16:53:32'),
(116, 1, '2024-12-09 16:58:11', '103.154.49.67', '2024-12-09 16:58:11', '2024-12-09 16:58:11'),
(117, 7, '2024-12-09 16:58:33', '103.184.25.22', '2024-12-09 16:58:33', '2024-12-09 16:58:33'),
(118, 6, '2024-12-09 16:59:11', '103.154.49.67', '2024-12-09 16:59:11', '2024-12-09 16:59:11'),
(119, 4, '2024-12-09 17:03:22', '103.154.49.67', '2024-12-09 17:03:22', '2024-12-09 17:03:22'),
(120, 3, '2024-12-10 00:12:47', '103.154.49.67', '2024-12-10 00:12:47', '2024-12-10 00:12:47'),
(121, 1, '2024-12-10 00:16:12', '103.154.49.67', '2024-12-10 00:16:12', '2024-12-10 00:16:12'),
(122, 3, '2024-12-10 00:19:08', '103.154.49.67', '2024-12-10 00:19:08', '2024-12-10 00:19:08'),
(123, 1, '2024-12-10 00:21:24', '103.154.49.67', '2024-12-10 00:21:24', '2024-12-10 00:21:24'),
(124, 6, '2024-12-10 00:26:17', '103.154.49.67', '2024-12-10 00:26:17', '2024-12-10 00:26:17'),
(125, 3, '2024-12-10 00:27:07', '103.154.49.67', '2024-12-10 00:27:07', '2024-12-10 00:27:07'),
(126, 6, '2024-12-10 00:29:00', '103.154.49.67', '2024-12-10 00:29:00', '2024-12-10 00:29:00'),
(127, 1, '2024-12-10 00:32:17', '103.154.49.67', '2024-12-10 00:32:17', '2024-12-10 00:32:17'),
(128, 3, '2024-12-10 00:34:47', '103.154.49.67', '2024-12-10 00:34:47', '2024-12-10 00:34:47'),
(129, 3, '2024-12-10 00:45:05', '103.154.49.67', '2024-12-10 00:45:05', '2024-12-10 00:45:05'),
(130, 1, '2024-12-10 00:50:28', '103.154.49.67', '2024-12-10 00:50:28', '2024-12-10 00:50:28'),
(131, 3, '2024-12-10 01:19:08', '103.154.49.67', '2024-12-10 01:19:08', '2024-12-10 01:19:08'),
(132, 3, '2024-12-10 07:05:12', '103.154.49.67', '2024-12-10 07:05:12', '2024-12-10 07:05:12'),
(133, 8, '2024-12-10 09:40:03', '103.184.25.23', '2024-12-10 09:40:03', '2024-12-10 09:40:03'),
(134, 3, '2024-12-10 09:57:39', '103.184.25.23', '2024-12-10 09:57:39', '2024-12-10 09:57:39'),
(135, 1, '2024-12-10 09:58:20', '103.184.25.23', '2024-12-10 09:58:20', '2024-12-10 09:58:20'),
(136, 4, '2024-12-10 10:33:18', '103.184.25.23', '2024-12-10 10:33:18', '2024-12-10 10:33:18'),
(137, 5, '2024-12-10 10:33:32', '103.184.25.23', '2024-12-10 10:33:32', '2024-12-10 10:33:32'),
(138, 3, '2024-12-10 10:48:33', '103.184.25.23', '2024-12-10 10:48:33', '2024-12-10 10:48:33'),
(139, 1, '2024-12-10 11:03:33', '103.184.25.23', '2024-12-10 11:03:33', '2024-12-10 11:03:33'),
(140, 3, '2024-12-10 11:18:17', '103.184.25.23', '2024-12-10 11:18:17', '2024-12-10 11:18:17'),
(141, 9, '2024-12-10 11:21:27', '103.184.25.23', '2024-12-10 11:21:27', '2024-12-10 11:21:27'),
(142, 4, '2024-12-10 11:22:36', '103.184.25.23', '2024-12-10 11:22:36', '2024-12-10 11:22:36'),
(143, 10, '2024-12-10 12:17:24', '103.184.25.23', '2024-12-10 12:17:24', '2024-12-10 12:17:24'),
(144, 1, '2024-12-10 12:46:50', '103.239.252.31', '2024-12-10 12:46:50', '2024-12-10 12:46:50'),
(145, 8, '2024-12-10 13:22:09', '103.184.25.23', '2024-12-10 13:22:09', '2024-12-10 13:22:09'),
(146, 5, '2024-12-10 14:01:34', '103.184.25.23', '2024-12-10 14:01:34', '2024-12-10 14:01:34'),
(147, 1, '2024-12-10 14:49:30', '103.184.25.23', '2024-12-10 14:49:30', '2024-12-10 14:49:30'),
(148, 8, '2024-12-10 14:57:15', '103.184.25.23', '2024-12-10 14:57:15', '2024-12-10 14:57:15'),
(149, 1, '2024-12-10 14:57:36', '103.154.49.67', '2024-12-10 14:57:36', '2024-12-10 14:57:36'),
(150, 3, '2024-12-10 15:00:32', '103.184.25.23', '2024-12-10 15:00:32', '2024-12-10 15:00:32'),
(151, 1, '2024-12-10 15:00:42', '103.154.49.67', '2024-12-10 15:00:42', '2024-12-10 15:00:42'),
(152, 7, '2024-12-10 15:11:50', '103.154.49.67', '2024-12-10 15:11:50', '2024-12-10 15:11:50'),
(153, 10, '2024-12-10 15:13:29', '103.154.49.67', '2024-12-10 15:13:29', '2024-12-10 15:13:29'),
(154, 3, '2024-12-10 15:13:52', '103.184.25.23', '2024-12-10 15:13:52', '2024-12-10 15:13:52'),
(155, 7, '2024-12-10 15:19:03', '103.184.25.23', '2024-12-10 15:19:03', '2024-12-10 15:19:03'),
(156, 3, '2024-12-10 15:19:19', '103.184.25.23', '2024-12-10 15:19:19', '2024-12-10 15:19:19'),
(157, 3, '2024-12-10 15:25:53', '103.184.25.23', '2024-12-10 15:25:53', '2024-12-10 15:25:53'),
(158, 10, '2024-12-10 15:26:19', '103.184.25.23', '2024-12-10 15:26:19', '2024-12-10 15:26:19'),
(159, 9, '2024-12-10 15:27:08', '103.184.25.23', '2024-12-10 15:27:08', '2024-12-10 15:27:08'),
(160, 8, '2024-12-10 15:27:27', '103.184.25.23', '2024-12-10 15:27:27', '2024-12-10 15:27:27'),
(161, 3, '2024-12-10 15:28:37', '103.184.25.23', '2024-12-10 15:28:37', '2024-12-10 15:28:37'),
(162, 1, '2024-12-10 15:58:31', '103.154.49.67', '2024-12-10 15:58:31', '2024-12-10 15:58:31'),
(163, 2, '2024-12-10 16:06:31', '103.154.49.67', '2024-12-10 16:06:31', '2024-12-10 16:06:31'),
(164, 2, '2024-12-10 16:06:55', '103.154.49.67', '2024-12-10 16:06:55', '2024-12-10 16:06:55'),
(165, 3, '2024-12-10 17:03:14', '103.154.49.67', '2024-12-10 17:03:14', '2024-12-10 17:03:14'),
(166, 3, '2024-12-10 17:05:15', '103.154.49.67', '2024-12-10 17:05:15', '2024-12-10 17:05:15'),
(167, 3, '2024-12-10 17:07:33', '103.154.49.67', '2024-12-10 17:07:33', '2024-12-10 17:07:33'),
(168, 3, '2024-12-10 23:04:41', '103.154.49.67', '2024-12-10 23:04:41', '2024-12-10 23:04:41'),
(169, 3, '2024-12-10 23:04:42', '103.154.49.67', '2024-12-10 23:04:42', '2024-12-10 23:04:42'),
(170, 1, '2024-12-10 23:08:57', '103.154.49.67', '2024-12-10 23:08:57', '2024-12-10 23:08:57'),
(171, 3, '2024-12-10 23:10:58', '103.154.49.67', '2024-12-10 23:10:58', '2024-12-10 23:10:58'),
(172, 1, '2024-12-10 23:27:55', '103.154.49.67', '2024-12-10 23:27:55', '2024-12-10 23:27:55'),
(173, 4, '2024-12-11 00:00:10', '103.154.49.67', '2024-12-11 00:00:10', '2024-12-11 00:00:10'),
(174, 5, '2024-12-11 00:32:25', '43.245.120.247', '2024-12-11 00:32:25', '2024-12-11 00:32:25'),
(175, 8, '2024-12-11 02:25:50', '116.206.91.115', '2024-12-11 02:25:50', '2024-12-11 02:25:50'),
(176, 3, '2024-12-11 02:53:35', '103.154.49.67', '2024-12-11 02:53:35', '2024-12-11 02:53:35'),
(177, 4, '2024-12-11 10:31:44', '103.184.25.23', '2024-12-11 10:31:44', '2024-12-11 10:31:44'),
(178, 3, '2024-12-11 10:33:32', '103.184.25.23', '2024-12-11 10:33:32', '2024-12-11 10:33:32'),
(179, 3, '2024-12-11 10:33:45', '103.184.25.23', '2024-12-11 10:33:45', '2024-12-11 10:33:45'),
(180, 3, '2024-12-11 10:34:01', '103.184.25.23', '2024-12-11 10:34:01', '2024-12-11 10:34:01'),
(181, 3, '2024-12-11 11:45:18', '103.184.25.23', '2024-12-11 11:45:18', '2024-12-11 11:45:18'),
(182, 7, '2024-12-11 14:01:36', '103.184.25.22', '2024-12-11 14:01:36', '2024-12-11 14:01:36'),
(183, 1, '2024-12-11 14:07:29', '103.184.25.23', '2024-12-11 14:07:29', '2024-12-11 14:07:29'),
(184, 3, '2024-12-11 14:17:05', '37.111.193.96', '2024-12-11 14:17:05', '2024-12-11 14:17:05'),
(185, 1, '2024-12-11 15:50:41', '103.154.49.67', '2024-12-11 15:50:41', '2024-12-11 15:50:41'),
(186, 6, '2024-12-11 16:14:46', '103.126.218.163', '2024-12-11 16:14:46', '2024-12-11 16:14:46'),
(187, 3, '2024-12-11 16:23:02', '103.154.49.67', '2024-12-11 16:23:02', '2024-12-11 16:23:02'),
(188, 11, '2024-12-11 16:31:59', '103.154.49.67', '2024-12-11 16:31:59', '2024-12-11 16:31:59'),
(189, 11, '2024-12-11 16:33:14', '103.154.49.67', '2024-12-11 16:33:14', '2024-12-11 16:33:14'),
(190, 3, '2024-12-11 16:33:46', '103.154.49.67', '2024-12-11 16:33:46', '2024-12-11 16:33:46'),
(191, 11, '2024-12-11 16:34:50', '103.154.49.67', '2024-12-11 16:34:50', '2024-12-11 16:34:50'),
(192, 3, '2024-12-11 16:38:53', '103.154.49.67', '2024-12-11 16:38:53', '2024-12-11 16:38:53'),
(193, 4, '2024-12-11 16:45:49', '103.187.94.47', '2024-12-11 16:45:49', '2024-12-11 16:45:49'),
(194, 1, '2024-12-12 01:31:18', '103.154.49.67', '2024-12-12 01:31:18', '2024-12-12 01:31:18'),
(195, 1, '2024-12-12 01:39:07', '103.154.49.67', '2024-12-12 01:39:07', '2024-12-12 01:39:07'),
(196, 1, '2024-12-12 02:01:48', '103.154.49.67', '2024-12-12 02:01:48', '2024-12-12 02:01:48'),
(197, 1, '2024-12-12 05:29:17', '103.239.252.31', '2024-12-12 05:29:17', '2024-12-12 05:29:17'),
(198, 7, '2024-12-12 12:10:32', '103.184.25.23', '2024-12-12 12:10:32', '2024-12-12 12:10:32'),
(199, 8, '2024-12-12 12:12:03', '103.184.25.23', '2024-12-12 12:12:03', '2024-12-12 12:12:03'),
(200, 5, '2024-12-12 13:00:51', '103.184.25.23', '2024-12-12 13:00:51', '2024-12-12 13:00:51'),
(201, 4, '2024-12-13 05:28:51', '113.21.229.114', '2024-12-13 05:28:51', '2024-12-13 05:28:51'),
(202, 3, '2024-12-13 12:37:22', '37.111.217.62', '2024-12-13 12:37:22', '2024-12-13 12:37:22'),
(203, 10, '2024-12-13 12:38:26', '37.111.217.62', '2024-12-13 12:38:26', '2024-12-13 12:38:26'),
(204, 1, '2024-12-13 12:38:33', '37.111.217.62', '2024-12-13 12:38:33', '2024-12-13 12:38:33'),
(205, 8, '2024-12-13 12:39:51', '103.184.25.23', '2024-12-13 12:39:51', '2024-12-13 12:39:51'),
(206, 11, '2024-12-13 12:40:28', '37.111.217.62', '2024-12-13 12:40:28', '2024-12-13 12:40:28'),
(207, 3, '2024-12-13 12:52:46', '37.111.217.62', '2024-12-13 12:52:46', '2024-12-13 12:52:46'),
(208, 5, '2024-12-13 13:09:55', '103.184.25.23', '2024-12-13 13:09:55', '2024-12-13 13:09:55'),
(209, 9, '2024-12-13 13:14:41', '103.184.25.23', '2024-12-13 13:14:41', '2024-12-13 13:14:41'),
(210, 1, '2024-12-13 13:24:00', '37.111.217.62', '2024-12-13 13:24:00', '2024-12-13 13:24:00'),
(211, 4, '2024-12-13 13:52:27', '103.184.25.23', '2024-12-13 13:52:27', '2024-12-13 13:52:27'),
(212, 7, '2024-12-13 13:54:49', '103.184.25.23', '2024-12-13 13:54:49', '2024-12-13 13:54:49'),
(213, 3, '2024-12-13 14:01:12', '103.184.25.23', '2024-12-13 14:01:12', '2024-12-13 14:01:12'),
(214, 3, '2024-12-13 19:39:48', '103.154.49.64', '2024-12-13 19:39:48', '2024-12-13 19:39:48'),
(215, 1, '2024-12-13 19:41:26', '103.154.49.64', '2024-12-13 19:41:26', '2024-12-13 19:41:26'),
(216, 3, '2024-12-13 19:44:19', '103.154.49.64', '2024-12-13 19:44:19', '2024-12-13 19:44:19'),
(217, 10, '2024-12-13 19:48:04', '103.154.49.64', '2024-12-13 19:48:04', '2024-12-13 19:48:04'),
(218, 5, '2024-12-13 19:49:11', '103.154.49.64', '2024-12-13 19:49:11', '2024-12-13 19:49:11'),
(219, 3, '2024-12-13 19:50:45', '103.154.49.64', '2024-12-13 19:50:45', '2024-12-13 19:50:45'),
(220, 1, '2024-12-13 19:51:13', '103.154.49.64', '2024-12-13 19:51:13', '2024-12-13 19:51:13'),
(221, 5, '2024-12-13 19:52:41', '103.154.49.64', '2024-12-13 19:52:41', '2024-12-13 19:52:41'),
(222, 1, '2024-12-13 19:53:27', '103.154.49.64', '2024-12-13 19:53:27', '2024-12-13 19:53:27'),
(223, 3, '2024-12-13 19:59:38', '103.154.49.64', '2024-12-13 19:59:38', '2024-12-13 19:59:38'),
(224, 3, '2024-12-14 03:54:25', '103.154.49.64', '2024-12-14 03:54:25', '2024-12-14 03:54:25'),
(225, 1, '2024-12-14 04:01:16', '103.154.49.64', '2024-12-14 04:01:16', '2024-12-14 04:01:16'),
(226, 3, '2024-12-14 04:04:54', '103.154.49.64', '2024-12-14 04:04:54', '2024-12-14 04:04:54'),
(227, 5, '2024-12-14 04:06:01', '103.154.49.64', '2024-12-14 04:06:01', '2024-12-14 04:06:01'),
(228, 4, '2024-12-14 09:07:18', '113.21.229.114', '2024-12-14 09:07:18', '2024-12-14 09:07:18'),
(229, 8, '2024-12-14 09:41:55', '103.184.25.23', '2024-12-14 09:41:55', '2024-12-14 09:41:55'),
(230, 5, '2024-12-14 12:33:20', '103.184.25.23', '2024-12-14 12:33:20', '2024-12-14 12:33:20'),
(231, 3, '2024-12-14 12:33:39', '103.184.25.23', '2024-12-14 12:33:39', '2024-12-14 12:33:39'),
(232, 4, '2024-12-14 12:51:24', '103.184.25.23', '2024-12-14 12:51:24', '2024-12-14 12:51:24'),
(233, 1, '2024-12-14 12:57:56', '103.184.25.23', '2024-12-14 12:57:56', '2024-12-14 12:57:56'),
(234, 3, '2024-12-14 13:01:31', '103.184.25.23', '2024-12-14 13:01:31', '2024-12-14 13:01:31'),
(235, 7, '2024-12-14 13:38:50', '103.184.25.22', '2024-12-14 13:38:50', '2024-12-14 13:38:50'),
(236, 9, '2024-12-14 15:22:46', '103.184.25.20', '2024-12-14 15:22:46', '2024-12-14 15:22:46'),
(237, 8, '2024-12-14 15:23:41', '103.184.25.20', '2024-12-14 15:23:41', '2024-12-14 15:23:41'),
(238, 5, '2024-12-14 15:24:06', '103.184.25.20', '2024-12-14 15:24:06', '2024-12-14 15:24:06'),
(239, 4, '2024-12-14 15:24:06', '103.184.25.20', '2024-12-14 15:24:06', '2024-12-14 15:24:06'),
(240, 6, '2024-12-14 15:49:55', '45.127.245.142', '2024-12-14 15:49:55', '2024-12-14 15:49:55'),
(241, 3, '2024-12-14 15:58:08', '103.154.49.64', '2024-12-14 15:58:08', '2024-12-14 15:58:08'),
(242, 1, '2024-12-15 05:37:28', '103.154.49.64', '2024-12-15 05:37:28', '2024-12-15 05:37:28'),
(243, 2, '2024-12-15 05:40:36', '103.154.49.64', '2024-12-15 05:40:36', '2024-12-15 05:40:36'),
(244, 3, '2024-12-15 06:09:26', '103.154.49.64', '2024-12-15 06:09:26', '2024-12-15 06:09:26'),
(245, 5, '2024-12-15 06:11:29', '103.154.49.64', '2024-12-15 06:11:29', '2024-12-15 06:11:29'),
(246, 3, '2024-12-15 06:14:05', '103.154.49.64', '2024-12-15 06:14:05', '2024-12-15 06:14:05'),
(247, 4, '2024-12-15 06:19:12', '113.21.229.114', '2024-12-15 06:19:12', '2024-12-15 06:19:12'),
(248, 1, '2024-12-15 06:28:42', '103.154.49.64', '2024-12-15 06:28:42', '2024-12-15 06:28:42'),
(249, 10, '2024-12-15 06:28:56', '103.154.49.64', '2024-12-15 06:28:56', '2024-12-15 06:28:56'),
(250, 8, '2024-12-15 10:33:41', '116.206.91.115', '2024-12-15 10:33:41', '2024-12-15 10:33:41'),
(251, 1, '2024-12-15 10:49:41', '103.154.49.66', '2024-12-15 10:49:41', '2024-12-15 10:49:41'),
(252, 2, '2024-12-15 10:51:12', '103.154.49.66', '2024-12-15 10:51:12', '2024-12-15 10:51:12'),
(253, 1, '2024-12-15 12:57:29', '103.154.49.66', '2024-12-15 12:57:29', '2024-12-15 12:57:29'),
(254, 8, '2024-12-15 13:04:27', '116.206.91.115', '2024-12-15 13:04:27', '2024-12-15 13:04:27'),
(255, 8, '2024-12-15 13:08:33', '116.206.91.115', '2024-12-15 13:08:33', '2024-12-15 13:08:33'),
(256, 5, '2024-12-15 13:37:19', '103.154.49.66', '2024-12-15 13:37:19', '2024-12-15 13:37:19'),
(257, 10, '2024-12-15 17:44:16', '113.21.229.114', '2024-12-15 17:44:16', '2024-12-15 17:44:16'),
(258, 10, '2024-12-15 17:55:33', '113.21.229.114', '2024-12-15 17:55:33', '2024-12-15 17:55:33'),
(259, 4, '2024-12-15 18:35:27', '113.21.229.114', '2024-12-15 18:35:27', '2024-12-15 18:35:27'),
(260, 3, '2024-12-15 18:42:05', '103.154.49.66', '2024-12-15 18:42:05', '2024-12-15 18:42:05'),
(261, 5, '2024-12-15 18:44:29', '103.154.49.66', '2024-12-15 18:44:29', '2024-12-15 18:44:29'),
(262, 1, '2024-12-15 18:46:13', '103.154.49.66', '2024-12-15 18:46:13', '2024-12-15 18:46:13'),
(263, 5, '2024-12-15 18:55:43', '103.154.49.66', '2024-12-15 18:55:43', '2024-12-15 18:55:43'),
(264, 1, '2024-12-16 01:59:01', '103.154.49.66', '2024-12-16 01:59:01', '2024-12-16 01:59:01'),
(265, 1, '2024-12-16 02:15:11', '103.154.49.66', '2024-12-16 02:15:11', '2024-12-16 02:15:11'),
(266, 5, '2024-12-16 03:00:09', '103.154.49.66', '2024-12-16 03:00:09', '2024-12-16 03:00:09'),
(267, 3, '2024-12-16 03:02:15', '103.154.49.66', '2024-12-16 03:02:15', '2024-12-16 03:02:15'),
(268, 1, '2024-12-16 03:12:26', '103.154.49.66', '2024-12-16 03:12:26', '2024-12-16 03:12:26'),
(269, 3, '2024-12-16 03:13:38', '103.154.49.66', '2024-12-16 03:13:38', '2024-12-16 03:13:38'),
(270, 1, '2024-12-16 03:14:27', '103.154.49.66', '2024-12-16 03:14:27', '2024-12-16 03:14:27'),
(271, 3, '2024-12-16 03:15:43', '103.154.49.66', '2024-12-16 03:15:43', '2024-12-16 03:15:43'),
(272, 1, '2024-12-16 03:22:50', '103.154.49.66', '2024-12-16 03:22:50', '2024-12-16 03:22:50'),
(273, 5, '2024-12-16 03:24:47', '103.154.49.66', '2024-12-16 03:24:47', '2024-12-16 03:24:47'),
(274, 1, '2024-12-16 03:25:17', '103.154.49.66', '2024-12-16 03:25:17', '2024-12-16 03:25:17'),
(275, 1, '2024-12-16 03:26:08', '103.154.49.66', '2024-12-16 03:26:08', '2024-12-16 03:26:08'),
(276, 1, '2024-12-16 03:26:08', '103.154.49.66', '2024-12-16 03:26:08', '2024-12-16 03:26:08'),
(277, 5, '2024-12-16 03:26:25', '103.154.49.66', '2024-12-16 03:26:25', '2024-12-16 03:26:25'),
(278, 3, '2024-12-16 03:27:23', '103.154.49.66', '2024-12-16 03:27:23', '2024-12-16 03:27:23'),
(279, 4, '2024-12-16 05:50:02', '113.21.229.114', '2024-12-16 05:50:02', '2024-12-16 05:50:02'),
(280, 3, '2024-12-16 05:50:28', '103.154.49.66', '2024-12-16 05:50:28', '2024-12-16 05:50:28'),
(281, 6, '2024-12-16 06:04:51', '103.126.218.160', '2024-12-16 06:04:51', '2024-12-16 06:04:51'),
(282, 5, '2024-12-16 06:17:05', '103.154.49.66', '2024-12-16 06:17:05', '2024-12-16 06:17:05'),
(283, 6, '2024-12-16 06:17:49', '103.126.218.162', '2024-12-16 06:17:49', '2024-12-16 06:17:49'),
(284, 3, '2024-12-16 06:29:35', '103.154.49.66', '2024-12-16 06:29:35', '2024-12-16 06:29:35'),
(285, 5, '2024-12-16 06:43:42', '103.154.49.66', '2024-12-16 06:43:42', '2024-12-16 06:43:42'),
(286, 3, '2024-12-16 06:47:18', '103.154.49.66', '2024-12-16 06:47:18', '2024-12-16 06:47:18'),
(287, 4, '2024-12-16 08:05:14', '113.21.229.114', '2024-12-16 08:05:14', '2024-12-16 08:05:14'),
(288, 3, '2024-12-16 08:17:38', '103.154.49.66', '2024-12-16 08:17:38', '2024-12-16 08:17:38'),
(289, 11, '2024-12-16 08:22:14', '113.21.229.114', '2024-12-16 08:22:14', '2024-12-16 08:22:14'),
(290, 7, '2024-12-16 08:24:30', '103.184.25.20', '2024-12-16 08:24:30', '2024-12-16 08:24:30'),
(291, 8, '2024-12-16 08:44:23', '116.206.91.115', '2024-12-16 08:44:23', '2024-12-16 08:44:23'),
(292, 4, '2024-12-16 09:00:07', '113.21.229.114', '2024-12-16 09:00:07', '2024-12-16 09:00:07'),
(293, 8, '2024-12-16 10:58:27', '103.184.25.22', '2024-12-16 10:58:27', '2024-12-16 10:58:27'),
(294, 3, '2024-12-16 11:15:02', '103.184.25.22', '2024-12-16 11:15:02', '2024-12-16 11:15:02'),
(295, 4, '2024-12-16 11:23:12', '103.184.25.22', '2024-12-16 11:23:12', '2024-12-16 11:23:12'),
(296, 3, '2024-12-16 12:20:35', '103.184.25.22', '2024-12-16 12:20:35', '2024-12-16 12:20:35'),
(297, 8, '2024-12-16 12:24:13', '103.184.25.22', '2024-12-16 12:24:13', '2024-12-16 12:24:13'),
(298, 5, '2024-12-16 13:31:50', '103.184.25.22', '2024-12-16 13:31:50', '2024-12-16 13:31:50'),
(299, 3, '2024-12-16 13:41:35', '103.184.25.22', '2024-12-16 13:41:35', '2024-12-16 13:41:35'),
(300, 6, '2024-12-16 13:51:38', '103.126.218.161', '2024-12-16 13:51:38', '2024-12-16 13:51:38'),
(301, 2, '2024-12-16 14:02:22', '103.154.49.66', '2024-12-16 14:02:22', '2024-12-16 14:02:22'),
(302, 8, '2024-12-17 05:36:41', '116.206.91.115', '2024-12-17 05:36:41', '2024-12-17 05:36:41'),
(303, 3, '2024-12-17 06:18:06', '103.154.49.66', '2024-12-17 06:18:06', '2024-12-17 06:18:06'),
(304, 4, '2024-12-17 12:23:04', '103.184.25.22', '2024-12-17 12:23:04', '2024-12-17 12:23:04'),
(305, 8, '2024-12-17 13:13:34', '116.206.91.115', '2024-12-17 13:13:34', '2024-12-17 13:13:34'),
(306, 10, '2024-12-17 16:25:05', '113.21.229.114', '2024-12-17 16:25:05', '2024-12-17 16:25:05'),
(307, 11, '2024-12-17 16:27:56', '113.21.229.114', '2024-12-17 16:27:56', '2024-12-17 16:27:56'),
(308, 3, '2024-12-18 01:15:14', '103.154.49.66', '2024-12-18 01:15:14', '2024-12-18 01:15:14'),
(309, 8, '2024-12-18 05:34:17', '116.206.91.115', '2024-12-18 05:34:17', '2024-12-18 05:34:17'),
(310, 11, '2024-12-18 08:37:23', '113.21.229.114', '2024-12-18 08:37:23', '2024-12-18 08:37:23'),
(311, 4, '2024-12-18 10:32:51', '103.184.25.22', '2024-12-18 10:32:51', '2024-12-18 10:32:51'),
(312, 4, '2024-12-18 11:04:30', '103.184.25.22', '2024-12-18 11:04:30', '2024-12-18 11:04:30'),
(313, 3, '2024-12-18 11:55:19', '103.184.25.22', '2024-12-18 11:55:19', '2024-12-18 11:55:19'),
(314, 4, '2024-12-18 11:55:27', '103.184.25.22', '2024-12-18 11:55:27', '2024-12-18 11:55:27'),
(315, 3, '2024-12-18 13:25:56', '103.184.25.22', '2024-12-18 13:25:56', '2024-12-18 13:25:56'),
(316, 2, '2024-12-18 15:41:30', '103.154.49.66', '2024-12-18 15:41:30', '2024-12-18 15:41:30'),
(317, 1, '2024-12-18 15:41:59', '103.154.49.66', '2024-12-18 15:41:59', '2024-12-18 15:41:59'),
(318, 1, '2024-12-18 15:49:33', '103.154.49.66', '2024-12-18 15:49:33', '2024-12-18 15:49:33'),
(319, 2, '2024-12-18 16:00:07', '103.154.49.66', '2024-12-18 16:00:07', '2024-12-18 16:00:07'),
(320, 3, '2024-12-18 23:20:18', '103.154.49.66', '2024-12-18 23:20:18', '2024-12-18 23:20:18'),
(321, 5, '2024-12-18 23:22:31', '103.154.49.66', '2024-12-18 23:22:31', '2024-12-18 23:22:31'),
(322, 10, '2024-12-18 23:24:37', '103.154.49.66', '2024-12-18 23:24:37', '2024-12-18 23:24:37'),
(323, 3, '2024-12-18 23:25:41', '103.154.49.66', '2024-12-18 23:25:41', '2024-12-18 23:25:41'),
(324, 1, '2024-12-19 08:06:49', '103.154.49.66', '2024-12-19 08:06:49', '2024-12-19 08:06:49'),
(325, 2, '2024-12-19 08:21:38', '103.154.49.66', '2024-12-19 08:21:38', '2024-12-19 08:21:38'),
(326, 3, '2024-12-19 09:15:47', '103.154.49.66', '2024-12-19 09:15:47', '2024-12-19 09:15:47'),
(327, 9, '2024-12-19 09:50:10', '103.25.250.130', '2024-12-19 09:50:10', '2024-12-19 09:50:10'),
(328, 4, '2024-12-19 10:57:38', '113.21.229.114', '2024-12-19 10:57:38', '2024-12-19 10:57:38'),
(329, 3, '2024-12-19 11:49:25', '37.111.193.156', '2024-12-19 11:49:25', '2024-12-19 11:49:25'),
(330, 3, '2024-12-19 11:50:12', '37.111.193.156', '2024-12-19 11:50:12', '2024-12-19 11:50:12'),
(331, 5, '2024-12-19 11:51:25', '37.111.193.156', '2024-12-19 11:51:25', '2024-12-19 11:51:25'),
(332, 1, '2024-12-19 11:55:03', '37.111.193.156', '2024-12-19 11:55:03', '2024-12-19 11:55:03'),
(333, 3, '2024-12-19 11:56:04', '37.111.193.156', '2024-12-19 11:56:04', '2024-12-19 11:56:04'),
(334, 4, '2024-12-19 13:17:04', '113.21.229.114', '2024-12-19 13:17:04', '2024-12-19 13:17:04'),
(335, 4, '2024-12-19 13:17:04', '113.21.229.114', '2024-12-19 13:17:04', '2024-12-19 13:17:04'),
(336, 4, '2024-12-19 13:17:04', '113.21.229.114', '2024-12-19 13:17:04', '2024-12-19 13:17:04'),
(337, 4, '2024-12-19 13:17:04', '113.21.229.114', '2024-12-19 13:17:04', '2024-12-19 13:17:04'),
(338, 4, '2024-12-19 13:17:04', '113.21.229.114', '2024-12-19 13:17:04', '2024-12-19 13:17:04'),
(339, 4, '2024-12-19 13:17:04', '113.21.229.114', '2024-12-19 13:17:04', '2024-12-19 13:17:04'),
(340, 4, '2024-12-19 13:17:04', '113.21.229.114', '2024-12-19 13:17:04', '2024-12-19 13:17:04'),
(341, 4, '2024-12-19 13:17:05', '113.21.229.114', '2024-12-19 13:17:05', '2024-12-19 13:17:05'),
(342, 8, '2024-12-19 13:59:09', '116.206.91.115', '2024-12-19 13:59:09', '2024-12-19 13:59:09'),
(343, 4, '2024-12-19 16:18:40', '103.184.25.22', '2024-12-19 16:18:40', '2024-12-19 16:18:40'),
(344, 4, '2024-12-19 17:15:41', '103.184.25.22', '2024-12-19 17:15:41', '2024-12-19 17:15:41'),
(345, 3, '2024-12-19 17:20:10', '103.184.25.22', '2024-12-19 17:20:10', '2024-12-19 17:20:10'),
(346, 8, '2024-12-19 17:21:36', '103.184.25.22', '2024-12-19 17:21:36', '2024-12-19 17:21:36'),
(347, 1, '2024-12-19 17:26:55', '103.112.52.112', '2024-12-19 17:26:55', '2024-12-19 17:26:55'),
(348, 1, '2024-12-19 17:33:09', '103.184.25.22', '2024-12-19 17:33:09', '2024-12-19 17:33:09'),
(349, 3, '2024-12-19 17:40:49', '103.184.25.22', '2024-12-19 17:40:49', '2024-12-19 17:40:49'),
(350, 8, '2024-12-19 17:45:30', '103.184.25.22', '2024-12-19 17:45:30', '2024-12-19 17:45:30'),
(351, 5, '2024-12-19 18:21:09', '103.184.25.22', '2024-12-19 18:21:09', '2024-12-19 18:21:09'),
(352, 3, '2024-12-19 19:59:24', '103.184.25.22', '2024-12-19 19:59:24', '2024-12-19 19:59:24'),
(353, 4, '2024-12-19 20:08:46', '103.184.25.22', '2024-12-19 20:08:46', '2024-12-19 20:08:46'),
(354, 3, '2024-12-19 21:49:04', '103.154.49.67', '2024-12-19 21:49:04', '2024-12-19 21:49:04'),
(355, 1, '2024-12-19 21:49:37', '103.154.49.67', '2024-12-19 21:49:37', '2024-12-19 21:49:37'),
(356, 1, '2024-12-19 22:05:42', '103.154.49.67', '2024-12-19 22:05:42', '2024-12-19 22:05:42'),
(357, 3, '2024-12-19 22:26:37', '103.154.49.67', '2024-12-19 22:26:37', '2024-12-19 22:26:37'),
(358, 3, '2024-12-20 05:54:35', '103.154.49.67', '2024-12-20 05:54:35', '2024-12-20 05:54:35'),
(359, 3, '2024-12-20 06:22:35', '103.154.49.67', '2024-12-20 06:22:35', '2024-12-20 06:22:35'),
(360, 1, '2024-12-20 09:59:35', '103.154.49.67', '2024-12-20 09:59:35', '2024-12-20 09:59:35'),
(361, 3, '2024-12-20 10:08:05', '103.154.49.67', '2024-12-20 10:08:05', '2024-12-20 10:08:05'),
(362, 1, '2024-12-20 10:12:19', '103.154.49.67', '2024-12-20 10:12:19', '2024-12-20 10:12:19'),
(363, 9, '2024-12-20 14:23:52', '103.184.25.23', '2024-12-20 14:23:52', '2024-12-20 14:23:52'),
(364, 3, '2024-12-20 14:34:52', '103.154.49.67', '2024-12-20 14:34:52', '2024-12-20 14:34:52'),
(365, 11, '2024-12-20 14:35:09', '103.184.25.22', '2024-12-20 14:35:09', '2024-12-20 14:35:09'),
(366, 9, '2024-12-20 15:08:57', '103.25.250.131', '2024-12-20 15:08:57', '2024-12-20 15:08:57'),
(367, 4, '2024-12-20 15:09:18', '103.184.25.22', '2024-12-20 15:09:18', '2024-12-20 15:09:18'),
(368, 4, '2024-12-20 15:18:45', '103.184.25.22', '2024-12-20 15:18:45', '2024-12-20 15:18:45'),
(369, 5, '2024-12-20 15:26:16', '59.152.5.244', '2024-12-20 15:26:16', '2024-12-20 15:26:16'),
(370, 6, '2024-12-20 15:49:25', '103.184.25.22', '2024-12-20 15:49:25', '2024-12-20 15:49:25'),
(371, 5, '2024-12-20 15:49:57', '103.184.25.22', '2024-12-20 15:49:57', '2024-12-20 15:49:57'),
(372, 1, '2024-12-20 15:59:31', '103.184.25.22', '2024-12-20 15:59:31', '2024-12-20 15:59:31'),
(373, 7, '2024-12-20 16:05:41', '103.184.25.22', '2024-12-20 16:05:41', '2024-12-20 16:05:41'),
(374, 3, '2024-12-20 17:26:34', '37.111.217.30', '2024-12-20 17:26:34', '2024-12-20 17:26:34'),
(375, 3, '2024-12-20 17:26:34', '37.111.217.30', '2024-12-20 17:26:34', '2024-12-20 17:26:34'),
(376, 4, '2024-12-20 17:26:46', '37.111.217.30', '2024-12-20 17:26:46', '2024-12-20 17:26:46'),
(377, 1, '2024-12-20 17:58:17', '103.154.49.65', '2024-12-20 17:58:17', '2024-12-20 17:58:17'),
(378, 3, '2024-12-20 18:50:04', '103.184.25.22', '2024-12-20 18:50:04', '2024-12-20 18:50:04'),
(379, 4, '2024-12-20 19:45:11', '103.184.25.22', '2024-12-20 19:45:11', '2024-12-20 19:45:11'),
(380, 1, '2024-12-20 21:49:43', '103.154.49.67', '2024-12-20 21:49:43', '2024-12-20 21:49:43'),
(381, 1, '2024-12-20 22:31:03', '103.154.49.67', '2024-12-20 22:31:03', '2024-12-20 22:31:03'),
(382, 3, '2024-12-20 22:34:25', '103.154.49.67', '2024-12-20 22:34:25', '2024-12-20 22:34:25'),
(383, 10, '2024-12-20 23:48:05', '113.21.229.114', '2024-12-20 23:48:05', '2024-12-20 23:48:05'),
(384, 1, '2024-12-21 00:48:22', '103.154.49.67', '2024-12-21 00:48:22', '2024-12-21 00:48:22'),
(385, 1, '2024-12-21 00:48:22', '103.154.49.67', '2024-12-21 00:48:22', '2024-12-21 00:48:22'),
(386, 1, '2024-12-21 08:44:17', '103.154.49.67', '2024-12-21 08:44:17', '2024-12-21 08:44:17'),
(387, 1, '2024-12-21 14:01:52', '103.154.49.67', '2024-12-21 14:01:52', '2024-12-21 14:01:52'),
(388, 10, '2024-12-21 17:26:49', '113.21.229.114', '2024-12-21 17:26:49', '2024-12-21 17:26:49'),
(389, 10, '2024-12-21 17:31:05', '113.21.229.114', '2024-12-21 17:31:05', '2024-12-21 17:31:05'),
(390, 10, '2024-12-21 17:32:57', '113.21.229.114', '2024-12-21 17:32:57', '2024-12-21 17:32:57'),
(391, 10, '2024-12-21 17:36:09', '113.21.229.114', '2024-12-21 17:36:09', '2024-12-21 17:36:09'),
(392, 5, '2024-12-21 18:35:10', '103.184.25.22', '2024-12-21 18:35:10', '2024-12-21 18:35:10'),
(393, 4, '2024-12-21 18:35:25', '103.184.25.22', '2024-12-21 18:35:25', '2024-12-21 18:35:25'),
(394, 3, '2024-12-21 18:36:02', '103.184.25.22', '2024-12-21 18:36:02', '2024-12-21 18:36:02'),
(395, 8, '2024-12-21 18:38:44', '103.184.25.22', '2024-12-21 18:38:44', '2024-12-21 18:38:44'),
(396, 8, '2024-12-21 18:40:50', '103.184.25.22', '2024-12-21 18:40:50', '2024-12-21 18:40:50'),
(397, 8, '2024-12-21 18:51:21', '103.184.25.22', '2024-12-21 18:51:21', '2024-12-21 18:51:21'),
(398, 1, '2024-12-21 18:52:41', '103.154.49.67', '2024-12-21 18:52:41', '2024-12-21 18:52:41'),
(399, 4, '2024-12-21 19:19:12', '103.184.25.22', '2024-12-21 19:19:12', '2024-12-21 19:19:12'),
(400, 7, '2024-12-21 19:58:19', '103.184.25.22', '2024-12-21 19:58:19', '2024-12-21 19:58:19'),
(401, 4, '2024-12-21 19:59:03', '103.184.25.22', '2024-12-21 19:59:03', '2024-12-21 19:59:03'),
(402, 10, '2024-12-21 21:31:05', '113.21.229.114', '2024-12-21 21:31:05', '2024-12-21 21:31:05'),
(403, 1, '2024-12-21 21:46:44', '103.154.49.67', '2024-12-21 21:46:44', '2024-12-21 21:46:44'),
(404, 3, '2024-12-21 21:53:55', '103.154.49.67', '2024-12-21 21:53:55', '2024-12-21 21:53:55'),
(405, 4, '2024-12-21 22:25:10', '113.21.229.114', '2024-12-21 22:25:10', '2024-12-21 22:25:10'),
(406, 4, '2024-12-21 22:29:33', '113.21.229.114', '2024-12-21 22:29:33', '2024-12-21 22:29:33'),
(407, 4, '2024-12-21 23:26:30', '113.21.229.114', '2024-12-21 23:26:30', '2024-12-21 23:26:30'),
(408, 3, '2024-12-22 08:54:07', '103.154.49.67', '2024-12-22 08:54:07', '2024-12-22 08:54:07'),
(409, 3, '2024-12-22 12:05:01', '123.0.21.234', '2024-12-22 12:05:01', '2024-12-22 12:05:01'),
(410, 3, '2024-12-22 12:05:01', '123.0.21.234', '2024-12-22 12:05:01', '2024-12-22 12:05:01'),
(411, 8, '2024-12-22 14:31:59', '116.206.91.115', '2024-12-22 14:31:59', '2024-12-22 14:31:59'),
(412, 4, '2024-12-22 16:35:33', '103.184.25.22', '2024-12-22 16:35:33', '2024-12-22 16:35:33'),
(413, 8, '2024-12-22 19:13:44', '116.206.91.115', '2024-12-22 19:13:44', '2024-12-22 19:13:44'),
(414, 3, '2024-12-22 19:14:50', '103.154.49.67', '2024-12-22 19:14:50', '2024-12-22 19:14:50'),
(415, 10, '2024-12-22 20:28:45', '103.184.25.22', '2024-12-22 20:28:45', '2024-12-22 20:28:45'),
(416, 3, '2024-12-22 21:17:46', '103.154.49.67', '2024-12-22 21:17:46', '2024-12-22 21:17:46'),
(417, 3, '2024-12-22 21:21:14', '103.154.49.67', '2024-12-22 21:21:14', '2024-12-22 21:21:14'),
(418, 3, '2024-12-22 21:21:59', '103.154.49.67', '2024-12-22 21:21:59', '2024-12-22 21:21:59'),
(419, 10, '2024-12-22 21:59:20', '113.21.229.114', '2024-12-22 21:59:20', '2024-12-22 21:59:20'),
(420, 3, '2024-12-22 22:04:26', '103.154.49.67', '2024-12-22 22:04:26', '2024-12-22 22:04:26'),
(421, 3, '2024-12-22 22:04:37', '103.154.49.67', '2024-12-22 22:04:37', '2024-12-22 22:04:37'),
(422, 3, '2024-12-22 22:05:02', '103.154.49.67', '2024-12-22 22:05:02', '2024-12-22 22:05:02'),
(423, 6, '2024-12-22 22:38:49', '103.126.218.163', '2024-12-22 22:38:49', '2024-12-22 22:38:49'),
(424, 10, '2024-12-23 10:08:47', '113.21.229.114', '2024-12-23 10:08:47', '2024-12-23 10:08:47'),
(425, 4, '2024-12-23 12:19:24', '113.21.229.114', '2024-12-23 12:19:24', '2024-12-23 12:19:24'),
(426, 8, '2024-12-23 18:08:50', '103.184.25.22', '2024-12-23 18:08:50', '2024-12-23 18:08:50'),
(427, 3, '2024-12-23 18:42:17', '103.154.49.66', '2024-12-23 18:42:17', '2024-12-23 18:42:17'),
(428, 3, '2024-12-23 20:40:38', '103.154.49.66', '2024-12-23 20:40:38', '2024-12-23 20:40:38'),
(429, 4, '2024-12-23 21:31:44', '103.184.25.22', '2024-12-23 21:31:44', '2024-12-23 21:31:44'),
(430, 6, '2024-12-23 21:31:51', '103.184.25.22', '2024-12-23 21:31:51', '2024-12-23 21:31:51'),
(431, 3, '2024-12-23 22:25:08', '103.154.49.66', '2024-12-23 22:25:08', '2024-12-23 22:25:08'),
(432, 3, '2024-12-23 22:25:08', '103.154.49.66', '2024-12-23 22:25:08', '2024-12-23 22:25:08'),
(433, 6, '2024-12-23 22:53:42', '103.126.218.163', '2024-12-23 22:53:42', '2024-12-23 22:53:42'),
(434, 6, '2024-12-23 22:59:33', '103.126.218.160', '2024-12-23 22:59:33', '2024-12-23 22:59:33'),
(435, 6, '2024-12-23 23:18:39', '103.126.218.162', '2024-12-23 23:18:39', '2024-12-23 23:18:39'),
(436, 6, '2024-12-24 09:45:58', '103.184.25.20', '2024-12-24 09:45:58', '2024-12-24 09:45:58'),
(437, 4, '2024-12-24 13:20:43', '103.187.94.47', '2024-12-24 13:20:43', '2024-12-24 13:20:43'),
(438, 3, '2024-12-24 17:53:37', '103.184.25.22', '2024-12-24 17:53:37', '2024-12-24 17:53:37'),
(439, 4, '2024-12-24 19:01:04', '103.184.25.22', '2024-12-24 19:01:04', '2024-12-24 19:01:04'),
(440, 4, '2024-12-24 20:22:52', '103.184.25.22', '2024-12-24 20:22:52', '2024-12-24 20:22:52'),
(441, 3, '2024-12-24 20:24:23', '103.184.25.22', '2024-12-24 20:24:23', '2024-12-24 20:24:23'),
(442, 7, '2024-12-24 20:25:45', '103.184.25.22', '2024-12-24 20:25:45', '2024-12-24 20:25:45'),
(443, 4, '2024-12-24 20:29:13', '103.184.25.22', '2024-12-24 20:29:13', '2024-12-24 20:29:13'),
(444, 5, '2024-12-24 20:30:11', '103.184.25.22', '2024-12-24 20:30:11', '2024-12-24 20:30:11'),
(445, 3, '2024-12-24 21:25:08', '103.184.25.22', '2024-12-24 21:25:08', '2024-12-24 21:25:08'),
(446, 10, '2024-12-24 23:45:09', '103.31.154.226', '2024-12-24 23:45:09', '2024-12-24 23:45:09'),
(447, 7, '2024-12-25 00:50:22', '103.184.25.22', '2024-12-25 00:50:22', '2024-12-25 00:50:22'),
(448, 3, '2024-12-25 08:26:55', '103.154.49.66', '2024-12-25 08:26:55', '2024-12-25 08:26:55'),
(449, 3, '2024-12-25 11:26:04', '103.154.49.66', '2024-12-25 11:26:04', '2024-12-25 11:26:04'),
(450, 5, '2024-12-25 22:35:59', '202.86.218.104', '2024-12-25 22:35:59', '2024-12-25 22:35:59'),
(451, 4, '2024-12-26 13:56:26', '113.21.229.114', '2024-12-26 13:56:26', '2024-12-26 13:56:26'),
(452, 8, '2024-12-26 15:41:27', '116.206.91.115', '2024-12-26 15:41:27', '2024-12-26 15:41:27'),
(453, 8, '2024-12-26 16:32:50', '116.206.91.115', '2024-12-26 16:32:50', '2024-12-26 16:32:50'),
(454, 1, '2024-12-27 08:38:46', '103.154.49.65', '2024-12-27 08:38:46', '2024-12-27 08:38:46'),
(455, 12, '2024-12-27 08:45:00', '103.154.49.65', '2024-12-27 08:45:00', '2024-12-27 08:45:00'),
(456, 13, '2024-12-27 08:45:22', '103.154.49.65', '2024-12-27 08:45:22', '2024-12-27 08:45:22'),
(457, 14, '2024-12-27 08:45:42', '103.154.49.65', '2024-12-27 08:45:42', '2024-12-27 08:45:42'),
(458, 15, '2024-12-27 08:46:03', '103.154.49.65', '2024-12-27 08:46:03', '2024-12-27 08:46:03'),
(459, 4, '2024-12-27 13:18:37', '113.21.229.114', '2024-12-27 13:18:37', '2024-12-27 13:18:37'),
(460, 3, '2024-12-27 15:33:07', '103.184.25.22', '2024-12-27 15:33:07', '2024-12-27 15:33:07'),
(461, 5, '2024-12-27 16:08:07', '103.184.25.22', '2024-12-27 16:08:07', '2024-12-27 16:08:07'),
(462, 11, '2024-12-27 16:14:40', '103.184.25.22', '2024-12-27 16:14:40', '2024-12-27 16:14:40'),
(463, 8, '2024-12-27 16:19:38', '103.184.25.22', '2024-12-27 16:19:38', '2024-12-27 16:19:38'),
(464, 5, '2024-12-27 17:17:09', '103.184.25.22', '2024-12-27 17:17:09', '2024-12-27 17:17:09'),
(465, 5, '2024-12-27 18:40:53', '103.184.25.22', '2024-12-27 18:40:53', '2024-12-27 18:40:53'),
(466, 6, '2024-12-27 19:03:39', '103.126.218.161', '2024-12-27 19:03:39', '2024-12-27 19:03:39'),
(467, 8, '2024-12-27 19:16:41', '103.184.25.22', '2024-12-27 19:16:41', '2024-12-27 19:16:41'),
(468, 3, '2024-12-27 19:27:49', '103.184.25.22', '2024-12-27 19:27:49', '2024-12-27 19:27:49'),
(469, 4, '2024-12-27 19:29:01', '103.184.25.22', '2024-12-27 19:29:01', '2024-12-27 19:29:01'),
(470, 6, '2024-12-27 22:18:07', '103.230.107.35', '2024-12-27 22:18:07', '2024-12-27 22:18:07'),
(471, 10, '2024-12-27 22:24:27', '103.25.251.238', '2024-12-27 22:24:27', '2024-12-27 22:24:27'),
(472, 3, '2024-12-28 12:30:07', '103.154.49.65', '2024-12-28 12:30:07', '2024-12-28 12:30:07'),
(473, 3, '2024-12-28 17:13:41', '103.184.25.22', '2024-12-28 17:13:41', '2024-12-28 17:13:41'),
(474, 4, '2024-12-28 17:14:37', '103.184.25.22', '2024-12-28 17:14:37', '2024-12-28 17:14:37'),
(475, 5, '2024-12-28 17:18:54', '103.184.25.22', '2024-12-28 17:18:54', '2024-12-28 17:18:54'),
(476, 6, '2024-12-28 17:20:39', '103.126.218.160', '2024-12-28 17:20:39', '2024-12-28 17:20:39'),
(477, 5, '2024-12-28 17:22:29', '103.184.25.22', '2024-12-28 17:22:29', '2024-12-28 17:22:29'),
(478, 1, '2024-12-28 18:42:59', '103.154.49.65', '2024-12-28 18:42:59', '2024-12-28 18:42:59'),
(479, 3, '2024-12-28 20:31:59', '103.184.25.22', '2024-12-28 20:31:59', '2024-12-28 20:31:59'),
(480, 8, '2024-12-28 20:41:51', '103.184.25.22', '2024-12-28 20:41:51', '2024-12-28 20:41:51'),
(481, 3, '2024-12-28 21:42:46', '103.154.49.65', '2024-12-28 21:42:46', '2024-12-28 21:42:46'),
(482, 3, '2024-12-28 21:42:46', '103.154.49.65', '2024-12-28 21:42:46', '2024-12-28 21:42:46'),
(483, 8, '2024-12-28 23:32:42', '103.184.25.243', '2024-12-28 23:32:42', '2024-12-28 23:32:42'),
(484, 4, '2024-12-29 00:08:58', '103.187.94.47', '2024-12-29 00:08:58', '2024-12-29 00:08:58'),
(485, 5, '2024-12-29 06:32:58', '103.126.217.244', '2024-12-29 06:32:58', '2024-12-29 06:32:58'),
(486, 3, '2024-12-29 09:10:29', '103.154.49.65', '2024-12-29 09:10:29', '2024-12-29 09:10:29'),
(487, 6, '2024-12-29 11:50:50', '103.184.25.20', '2024-12-29 11:50:50', '2024-12-29 11:50:50'),
(488, 4, '2024-12-29 13:45:45', '103.184.25.22', '2024-12-29 13:45:45', '2024-12-29 13:45:45'),
(489, 3, '2024-12-29 17:29:50', '103.184.25.22', '2024-12-29 17:29:50', '2024-12-29 17:29:50'),
(490, 4, '2024-12-29 20:38:29', '103.184.25.22', '2024-12-29 20:38:29', '2024-12-29 20:38:29'),
(491, 3, '2024-12-29 21:35:34', '103.154.49.65', '2024-12-29 21:35:34', '2024-12-29 21:35:34'),
(492, 6, '2024-12-29 21:50:14', '103.184.25.22', '2024-12-29 21:50:14', '2024-12-29 21:50:14'),
(493, 8, '2024-12-30 09:10:23', '103.184.25.243', '2024-12-30 09:10:23', '2024-12-30 09:10:23'),
(494, 3, '2024-12-30 11:11:46', '103.154.49.65', '2024-12-30 11:11:46', '2024-12-30 11:11:46'),
(495, 8, '2024-12-30 11:22:32', '103.184.25.243', '2024-12-30 11:22:32', '2024-12-30 11:22:32'),
(496, 4, '2024-12-30 11:42:34', '113.21.229.114', '2024-12-30 11:42:34', '2024-12-30 11:42:34'),
(497, 4, '2024-12-30 13:39:16', '113.21.229.114', '2024-12-30 13:39:16', '2024-12-30 13:39:16'),
(498, 4, '2024-12-30 18:04:49', '103.184.25.22', '2024-12-30 18:04:49', '2024-12-30 18:04:49'),
(499, 3, '2024-12-30 19:43:07', '103.154.49.65', '2024-12-30 19:43:07', '2024-12-30 19:43:07'),
(500, 3, '2024-12-30 19:43:07', '103.154.49.65', '2024-12-30 19:43:07', '2024-12-30 19:43:07'),
(501, 1, '2024-12-30 20:22:16', '103.154.49.65', '2024-12-30 20:22:16', '2024-12-30 20:22:16'),
(502, 3, '2024-12-30 22:05:38', '103.154.49.65', '2024-12-30 22:05:38', '2024-12-30 22:05:38'),
(503, 3, '2024-12-30 22:05:38', '103.154.49.65', '2024-12-30 22:05:38', '2024-12-30 22:05:38'),
(504, 7, '2024-12-30 22:53:00', '59.152.5.9', '2024-12-30 22:53:00', '2024-12-30 22:53:00'),
(505, 7, '2024-12-30 23:48:52', '59.152.5.9', '2024-12-30 23:48:52', '2024-12-30 23:48:52'),
(506, 7, '2024-12-30 23:49:37', '59.152.5.9', '2024-12-30 23:49:37', '2024-12-30 23:49:37'),
(507, 1, '2024-12-31 07:52:30', '103.154.49.65', '2024-12-31 07:52:30', '2024-12-31 07:52:30'),
(508, 3, '2024-12-31 09:08:15', '103.154.49.65', '2024-12-31 09:08:15', '2024-12-31 09:08:15'),
(509, 3, '2024-12-31 09:12:39', '103.154.49.65', '2024-12-31 09:12:39', '2024-12-31 09:12:39'),
(510, 10, '2024-12-31 09:22:13', '113.21.229.114', '2024-12-31 09:22:13', '2024-12-31 09:22:13'),
(511, 6, '2024-12-31 12:02:17', '103.184.25.20', '2024-12-31 12:02:17', '2024-12-31 12:02:17'),
(512, 6, '2024-12-31 13:16:30', '103.184.25.20', '2024-12-31 13:16:30', '2024-12-31 13:16:30'),
(513, 3, '2024-12-31 14:56:32', '103.154.49.65', '2024-12-31 14:56:32', '2024-12-31 14:56:32'),
(514, 3, '2024-12-31 14:56:32', '103.154.49.65', '2024-12-31 14:56:32', '2024-12-31 14:56:32'),
(515, 8, '2024-12-31 17:11:34', '103.184.25.22', '2024-12-31 17:11:34', '2024-12-31 17:11:34'),
(516, 4, '2024-12-31 19:17:37', '59.152.5.45', '2024-12-31 19:17:37', '2024-12-31 19:17:37'),
(517, 9, '2024-12-31 19:40:44', '202.134.8.193', '2024-12-31 19:40:44', '2024-12-31 19:40:44'),
(518, 9, '2024-12-31 19:52:20', '202.134.8.193', '2024-12-31 19:52:20', '2024-12-31 19:52:20'),
(519, 4, '2024-12-31 21:06:42', '202.86.218.15', '2024-12-31 21:06:42', '2024-12-31 21:06:42'),
(520, 9, '2024-12-31 21:06:54', '202.134.10.136', '2024-12-31 21:06:54', '2024-12-31 21:06:54'),
(521, 3, '2024-12-31 21:15:52', '103.154.49.65', '2024-12-31 21:15:52', '2024-12-31 21:15:52'),
(522, 1, '2024-12-31 23:15:42', '103.154.49.65', '2024-12-31 23:15:42', '2024-12-31 23:15:42'),
(523, 2, '2024-12-31 23:21:37', '103.154.49.65', '2024-12-31 23:21:37', '2024-12-31 23:21:37'),
(524, 1, '2024-12-31 23:22:58', '103.154.49.65', '2024-12-31 23:22:58', '2024-12-31 23:22:58'),
(525, 3, '2024-12-31 23:24:22', '103.154.49.65', '2024-12-31 23:24:22', '2024-12-31 23:24:22');

--
-- Indexes for dumped tables
--

--
-- Indexes for table `failed_jobs`
--
ALTER TABLE `failed_jobs`
  ADD PRIMARY KEY (`id`),
  ADD UNIQUE KEY `failed_jobs_uuid_unique` (`uuid`);

--
-- Indexes for table `fund_collections`
--
ALTER TABLE `fund_collections`
  ADD PRIMARY KEY (`id`),
  ADD KEY `fund_collections_submitted_by_foreign` (`submitted_by`),
  ADD KEY `fund_collections_collected_by_foreign` (`collected_by`),
  ADD KEY `fund_collections_canceled_by_foreign` (`canceled_by`);

--
-- Indexes for table `khedmots`
--
ALTER TABLE `khedmots`
  ADD PRIMARY KEY (`id`),
  ADD KEY `khedmots_member_id_foreign` (`member_id`),
  ADD KEY `khedmots_user_id_foreign` (`user_id`);

--
-- Indexes for table `lbs_log`
--
ALTER TABLE `lbs_log`
  ADD PRIMARY KEY (`id`);

--
-- Indexes for table `members`
--
ALTER TABLE `members`
  ADD PRIMARY KEY (`id`),
  ADD KEY `updated_by` (`updated_by`);

--
-- Indexes for table `member_assigns`
--
ALTER TABLE `member_assigns`
  ADD PRIMARY KEY (`id`),
  ADD KEY `member_assigns_user_id_foreign` (`user_id`),
  ADD KEY `member_assigns_member_id_foreign` (`member_id`);

--
-- Indexes for table `migrations`
--
ALTER TABLE `migrations`
  ADD PRIMARY KEY (`id`);

--
-- Indexes for table `model_has_permissions`
--
ALTER TABLE `model_has_permissions`
  ADD PRIMARY KEY (`permission_id`,`model_id`,`model_type`),
  ADD KEY `model_has_permissions_model_id_model_type_index` (`model_id`,`model_type`);

--
-- Indexes for table `model_has_roles`
--
ALTER TABLE `model_has_roles`
  ADD PRIMARY KEY (`role_id`,`model_id`,`model_type`),
  ADD KEY `model_has_roles_model_id_model_type_index` (`model_id`,`model_type`);

--
-- Indexes for table `password_reset_tokens`
--
ALTER TABLE `password_reset_tokens`
  ADD PRIMARY KEY (`email`);

--
-- Indexes for table `pays`
--
ALTER TABLE `pays`
  ADD PRIMARY KEY (`id`),
  ADD KEY `pays_paid_by_foreign` (`paid_by`);

--
-- Indexes for table `permissions`
--
ALTER TABLE `permissions`
  ADD PRIMARY KEY (`id`),
  ADD UNIQUE KEY `permissions_name_guard_name_unique` (`name`,`guard_name`);

--
-- Indexes for table `personal_access_tokens`
--
ALTER TABLE `personal_access_tokens`
  ADD PRIMARY KEY (`id`),
  ADD UNIQUE KEY `personal_access_tokens_token_unique` (`token`),
  ADD KEY `personal_access_tokens_tokenable_type_tokenable_id_index` (`tokenable_type`,`tokenable_id`);

--
-- Indexes for table `receives`
--
ALTER TABLE `receives`
  ADD PRIMARY KEY (`id`),
  ADD KEY `receives_submitted_by_foreign` (`submitted_by`),
  ADD KEY `receives_collected_by_foreign` (`collected_by`),
  ADD KEY `receives_canceled_by_foreign` (`canceled_by`);

--
-- Indexes for table `roles`
--
ALTER TABLE `roles`
  ADD PRIMARY KEY (`id`),
  ADD UNIQUE KEY `roles_name_guard_name_unique` (`name`,`guard_name`);

--
-- Indexes for table `role_has_permissions`
--
ALTER TABLE `role_has_permissions`
  ADD PRIMARY KEY (`permission_id`,`role_id`),
  ADD KEY `role_has_permissions_role_id_foreign` (`role_id`);

--
-- Indexes for table `users`
--
ALTER TABLE `users`
  ADD PRIMARY KEY (`id`),
  ADD UNIQUE KEY `users_username_unique` (`username`),
  ADD UNIQUE KEY `users_email_unique` (`email`);

--
-- Indexes for table `user_logs`
--
ALTER TABLE `user_logs`
  ADD PRIMARY KEY (`id`),
  ADD KEY `user_logs_user_id_foreign` (`user_id`);

--
-- AUTO_INCREMENT for dumped tables
--

--
-- AUTO_INCREMENT for table `failed_jobs`
--
ALTER TABLE `failed_jobs`
  MODIFY `id` bigint(20) UNSIGNED NOT NULL AUTO_INCREMENT;

--
-- AUTO_INCREMENT for table `fund_collections`
--
ALTER TABLE `fund_collections`
  MODIFY `id` bigint(20) UNSIGNED NOT NULL AUTO_INCREMENT, AUTO_INCREMENT=13;

--
-- AUTO_INCREMENT for table `khedmots`
--
ALTER TABLE `khedmots`
  MODIFY `id` bigint(20) UNSIGNED NOT NULL AUTO_INCREMENT, AUTO_INCREMENT=74;

--
-- AUTO_INCREMENT for table `lbs_log`
--
ALTER TABLE `lbs_log`
  MODIFY `id` int(10) UNSIGNED NOT NULL AUTO_INCREMENT, AUTO_INCREMENT=3;

--
-- AUTO_INCREMENT for table `members`
--
ALTER TABLE `members`
  MODIFY `id` bigint(20) UNSIGNED NOT NULL AUTO_INCREMENT, AUTO_INCREMENT=268;

--
-- AUTO_INCREMENT for table `member_assigns`
--
ALTER TABLE `member_assigns`
  MODIFY `id` bigint(20) UNSIGNED NOT NULL AUTO_INCREMENT, AUTO_INCREMENT=284;

--
-- AUTO_INCREMENT for table `migrations`
--
ALTER TABLE `migrations`
  MODIFY `id` int(10) UNSIGNED NOT NULL AUTO_INCREMENT, AUTO_INCREMENT=12;

--
-- AUTO_INCREMENT for table `pays`
--
ALTER TABLE `pays`
  MODIFY `id` bigint(20) UNSIGNED NOT NULL AUTO_INCREMENT, AUTO_INCREMENT=2;

--
-- AUTO_INCREMENT for table `permissions`
--
ALTER TABLE `permissions`
  MODIFY `id` bigint(20) UNSIGNED NOT NULL AUTO_INCREMENT, AUTO_INCREMENT=28;

--
-- AUTO_INCREMENT for table `personal_access_tokens`
--
ALTER TABLE `personal_access_tokens`
  MODIFY `id` bigint(20) UNSIGNED NOT NULL AUTO_INCREMENT;

--
-- AUTO_INCREMENT for table `receives`
--
ALTER TABLE `receives`
  MODIFY `id` bigint(20) UNSIGNED NOT NULL AUTO_INCREMENT, AUTO_INCREMENT=3;

--
-- AUTO_INCREMENT for table `roles`
--
ALTER TABLE `roles`
  MODIFY `id` bigint(20) UNSIGNED NOT NULL AUTO_INCREMENT, AUTO_INCREMENT=4;

--
-- AUTO_INCREMENT for table `users`
--
ALTER TABLE `users`
  MODIFY `id` bigint(20) UNSIGNED NOT NULL AUTO_INCREMENT, AUTO_INCREMENT=16;

--
-- AUTO_INCREMENT for table `user_logs`
--
ALTER TABLE `user_logs`
  MODIFY `id` bigint(20) UNSIGNED NOT NULL AUTO_INCREMENT, AUTO_INCREMENT=526;

--
-- Constraints for dumped tables
--

--
-- Constraints for table `fund_collections`
--
ALTER TABLE `fund_collections`
  ADD CONSTRAINT `fund_collections_canceled_by_foreign` FOREIGN KEY (`canceled_by`) REFERENCES `users` (`id`) ON DELETE CASCADE,
  ADD CONSTRAINT `fund_collections_collected_by_foreign` FOREIGN KEY (`collected_by`) REFERENCES `users` (`id`) ON DELETE CASCADE,
  ADD CONSTRAINT `fund_collections_submitted_by_foreign` FOREIGN KEY (`submitted_by`) REFERENCES `users` (`id`) ON DELETE CASCADE;

--
-- Constraints for table `khedmots`
--
ALTER TABLE `khedmots`
  ADD CONSTRAINT `khedmots_member_id_foreign` FOREIGN KEY (`member_id`) REFERENCES `members` (`id`) ON DELETE CASCADE,
  ADD CONSTRAINT `khedmots_user_id_foreign` FOREIGN KEY (`user_id`) REFERENCES `users` (`id`) ON DELETE CASCADE;

--
-- Constraints for table `members`
--
ALTER TABLE `members`
  ADD CONSTRAINT `members_ibfk_1` FOREIGN KEY (`updated_by`) REFERENCES `users` (`id`);

--
-- Constraints for table `member_assigns`
--
ALTER TABLE `member_assigns`
  ADD CONSTRAINT `member_assigns_member_id_foreign` FOREIGN KEY (`member_id`) REFERENCES `members` (`id`) ON DELETE CASCADE,
  ADD CONSTRAINT `member_assigns_user_id_foreign` FOREIGN KEY (`user_id`) REFERENCES `users` (`id`) ON DELETE CASCADE;

--
-- Constraints for table `model_has_permissions`
--
ALTER TABLE `model_has_permissions`
  ADD CONSTRAINT `model_has_permissions_permission_id_foreign` FOREIGN KEY (`permission_id`) REFERENCES `permissions` (`id`) ON DELETE CASCADE;

--
-- Constraints for table `model_has_roles`
--
ALTER TABLE `model_has_roles`
  ADD CONSTRAINT `model_has_roles_role_id_foreign` FOREIGN KEY (`role_id`) REFERENCES `roles` (`id`) ON DELETE CASCADE;

--
-- Constraints for table `pays`
--
ALTER TABLE `pays`
  ADD CONSTRAINT `pays_paid_by_foreign` FOREIGN KEY (`paid_by`) REFERENCES `users` (`id`);

--
-- Constraints for table `receives`
--
ALTER TABLE `receives`
  ADD CONSTRAINT `receives_canceled_by_foreign` FOREIGN KEY (`canceled_by`) REFERENCES `users` (`id`) ON DELETE CASCADE,
  ADD CONSTRAINT `receives_collected_by_foreign` FOREIGN KEY (`collected_by`) REFERENCES `users` (`id`) ON DELETE CASCADE,
  ADD CONSTRAINT `receives_submitted_by_foreign` FOREIGN KEY (`submitted_by`) REFERENCES `users` (`id`) ON DELETE CASCADE;

--
-- Constraints for table `role_has_permissions`
--
ALTER TABLE `role_has_permissions`
  ADD CONSTRAINT `role_has_permissions_permission_id_foreign` FOREIGN KEY (`permission_id`) REFERENCES `permissions` (`id`) ON DELETE CASCADE,
  ADD CONSTRAINT `role_has_permissions_role_id_foreign` FOREIGN KEY (`role_id`) REFERENCES `roles` (`id`) ON DELETE CASCADE;

--
-- Constraints for table `user_logs`
--
ALTER TABLE `user_logs`
  ADD CONSTRAINT `user_logs_user_id_foreign` FOREIGN KEY (`user_id`) REFERENCES `users` (`id`);
COMMIT;

/*!40101 SET CHARACTER_SET_CLIENT=@OLD_CHARACTER_SET_CLIENT */;
/*!40101 SET CHARACTER_SET_RESULTS=@OLD_CHARACTER_SET_RESULTS */;
/*!40101 SET COLLATION_CONNECTION=@OLD_COLLATION_CONNECTION */;
